Indicator,Location,Coverage_Type,Race_Ethnicity,Timeframe,Data_Type,Data,MOE
US,United States,Employer,African-American / Black,2011,Percent,0.43239,0.003475
US,United States,Employer,African-American / Black,2011,Number,16027520,NA
US,United States,Individual,African-American / Black,2011,Percent,0.02694,0.001014
US,United States,Individual,African-American / Black,2011,Number,998702,NA
US,United States,Insured,African-American / Black,2011,Percent,0.82473,0.002279
US,United States,Insured,African-American / Black,2011,Number,30570747,NA
US,United States,Medicaid/CHIP,African-American / Black,2011,Number,9044841,NA
US,United States,Medicaid/CHIP,African-American / Black,2011,Percent,0.24401,0.003064
US,United States,Medicare,African-American / Black,2011,Number,4499684,NA
US,United States,Medicare,African-American / Black,2011,Percent,0.12139,0.001546
US,United States,Private,African-American / Black,2011,Percent,0.45933,0.003496
US,United States,Private,African-American / Black,2011,Number,17026222,NA
US,United States,Public,African-American / Black,2011,Number,13544525,NA
US,United States,Public,African-American / Black,2011,Percent,0.3654,0.003171
US,United States,Uninsured,African-American / Black,2011,Percent,0.17527,0.002279
US,United States,Uninsured,African-American / Black,2011,Number,6496615,NA
US,United States,Employer,American Indian / Alaska Native,2011,Percent,0.35064,0.011677
US,United States,Employer,American Indian / Alaska Native,2011,Number,711549,NA
US,United States,Individual,American Indian / Alaska Native,2011,Percent,0.02656,0.003651
US,United States,Individual,American Indian / Alaska Native,2011,Number,53889,NA
US,United States,Insured,American Indian / Alaska Native,2011,Percent,0.72716,0.01058
US,United States,Insured,American Indian / Alaska Native,2011,Number,1475629,NA
US,United States,Medicaid/CHIP,American Indian / Alaska Native,2011,Number,476765,NA
US,United States,Medicaid/CHIP,American Indian / Alaska Native,2011,Percent,0.23494,0.010712
US,United States,Medicare,American Indian / Alaska Native,2011,Number,233426,NA
US,United States,Medicare,American Indian / Alaska Native,2011,Percent,0.11503,0.005696
US,United States,Private,American Indian / Alaska Native,2011,Percent,0.37719,0.011918
US,United States,Private,American Indian / Alaska Native,2011,Number,765438,NA
US,United States,Public,American Indian / Alaska Native,2011,Percent,0.34997,0.011272
US,United States,Public,American Indian / Alaska Native,2011,Number,710191,NA
US,United States,Uninsured,American Indian / Alaska Native,2011,Percent,0.27284,0.01058
US,United States,Uninsured,American Indian / Alaska Native,2011,Number,553667,NA
US,United States,Employer,Asian,2011,Percent,0.55864,0.005275
US,United States,Employer,Asian,2011,Number,8274422,NA
US,United States,Individual,Asian,2011,Number,1346998,NA
US,United States,Individual,Asian,2011,Percent,0.090939999999999993,0.002905
US,United States,Insured,Asian,2011,Percent,0.84608,0.003809
US,United States,Insured,Asian,2011,Number,12531929,NA
US,United States,Medicaid/CHIP,Asian,2011,Percent,0.09776,0.003345
US,United States,Medicaid/CHIP,Asian,2011,Number,1447941,NA
US,United States,Medicare,Asian,2011,Percent,0.09874,0.00222
US,United States,Medicare,Asian,2011,Number,1462568,NA
US,United States,Private,Asian,2011,Percent,0.64958,0.005095
US,United States,Private,Asian,2011,Number,9621420,NA
US,United States,Public,Asian,2011,Percent,0.1965,0.003847
US,United States,Public,Asian,2011,Number,2910509,NA
US,United States,Uninsured,Asian,2011,Number,2279757,NA
US,United States,Uninsured,Asian,2011,Percent,0.15392,0.003809
US,United States,Employer,Hispanic / Latino,2011,Percent,0.36658,0.003129
US,United States,Employer,Hispanic / Latino,2011,Number,18823526,NA
US,United States,Individual,Hispanic / Latino,2011,Number,1479926,NA
US,United States,Individual,Hispanic / Latino,2011,Percent,0.02882,9.22e-4
US,United States,Insured,Hispanic / Latino,2011,Percent,0.70336,0.002685
US,United States,Insured,Hispanic / Latino,2011,Number,36117471,NA
US,United States,Medicaid/CHIP,Hispanic / Latino,2011,Number,12452736,NA
US,United States,Medicaid/CHIP,Hispanic / Latino,2011,Percent,0.24251,0.002573
US,United States,Medicare,Hispanic / Latino,2011,Percent,0.06546,0.001035
US,United States,Medicare,Hispanic / Latino,2011,Number,3361283,NA
US,United States,Private,Hispanic / Latino,2011,Number,20303452,NA
US,United States,Private,Hispanic / Latino,2011,Percent,0.3954,0.003182
US,United States,Public,Hispanic / Latino,2011,Percent,0.30797,0.002629
US,United States,Public,Hispanic / Latino,2011,Number,15814019,NA
US,United States,Uninsured,Hispanic / Latino,2011,Number,15232107,NA
US,United States,Uninsured,Hispanic / Latino,2011,Percent,0.29664,0.002685
US,United States,Employer,Native Hawaiian and Other Pacific Islander,2011,Percent,0.53099,0.030753
US,United States,Employer,Native Hawaiian and Other Pacific Islander,2011,Number,241120,NA
US,United States,Individual,Native Hawaiian and Other Pacific Islander,2011,Percent,0.0284,0.007844
US,United States,Individual,Native Hawaiian and Other Pacific Islander,2011,Number,12897,NA
US,United States,Insured,Native Hawaiian and Other Pacific Islander,2011,Number,379151,NA
US,United States,Insured,Native Hawaiian and Other Pacific Islander,2011,Percent,0.83496,0.020679
US,United States,Medicaid/CHIP,Native Hawaiian and Other Pacific Islander,2011,Number,92543,NA
US,United States,Medicaid/CHIP,Native Hawaiian and Other Pacific Islander,2011,Percent,0.2038,0.025586
US,United States,Medicare,Native Hawaiian and Other Pacific Islander,2011,Percent,0.07177,0.009939
US,United States,Medicare,Native Hawaiian and Other Pacific Islander,2011,Number,32591,NA
US,United States,Private,Native Hawaiian and Other Pacific Islander,2011,Number,254017,NA
US,United States,Private,Native Hawaiian and Other Pacific Islander,2011,Percent,0.55939,0.03067
US,United States,Public,Native Hawaiian and Other Pacific Islander,2011,Number,125134,NA
US,United States,Public,Native Hawaiian and Other Pacific Islander,2011,Percent,0.27557,0.025787
US,United States,Uninsured,Native Hawaiian and Other Pacific Islander,2011,Percent,0.16504,0.020679
US,United States,Uninsured,Native Hawaiian and Other Pacific Islander,2011,Number,74945,NA
US,United States,Employer,Other / Multiple Races,2011,Percent,0.52788,0.007316
US,United States,Employer,Other / Multiple Races,2011,Number,3635319,NA
US,United States,Individual,Other / Multiple Races,2011,Percent,0.04704,0.002697
US,United States,Individual,Other / Multiple Races,2011,Number,323928,NA
US,United States,Insured,Other / Multiple Races,2011,Number,5947893,NA
US,United States,Insured,Other / Multiple Races,2011,Percent,0.86368,0.004739
US,United States,Medicaid/CHIP,Other / Multiple Races,2011,Percent,0.22205,0.006435
US,United States,Medicaid/CHIP,Other / Multiple Races,2011,Number,1529170,NA
US,United States,Medicare,Other / Multiple Races,2011,Percent,0.06672,0.002497
US,United States,Medicare,Other / Multiple Races,2011,Number,459476,NA
US,United States,Private,Other / Multiple Races,2011,Percent,0.57491,0.007311
US,United States,Private,Other / Multiple Races,2011,Number,3959247,NA
US,United States,Public,Other / Multiple Races,2011,Percent,0.28877,0.006601
US,United States,Public,Other / Multiple Races,2011,Number,1988646,NA
US,United States,Uninsured,Other / Multiple Races,2011,Number,938811,NA
US,United States,Uninsured,Other / Multiple Races,2011,Percent,0.13632,0.004739
US,United States,Employer,White,2011,Percent,0.56902,0.001342
US,United States,Employer,White,2011,Number,111000000,NA
US,United States,Individual,White,2011,Percent,0.06111,6.19e-4
US,United States,Individual,White,2011,Number,11915308,NA
US,United States,Insured,White,2011,Percent,0.89373,8.18e-4
US,United States,Insured,White,2011,Number,174300000,NA
US,United States,Medicaid/CHIP,White,2011,Number,15612788,NA
US,United States,Medicaid/CHIP,White,2011,Percent,0.08007,8.12e-4
US,United States,Medicare,White,2011,Percent,0.18353,8.25e-4
US,United States,Medicare,White,2011,Number,35788083,NA
US,United States,Private,White,2011,Percent,0.63013,0.001291
US,United States,Private,White,2011,Number,122900000,NA
US,United States,Public,White,2011,Number,51400871,NA
US,United States,Public,White,2011,Percent,0.2636,0.001073
US,United States,Uninsured,White,2011,Percent,0.10627,8.18e-4
US,United States,Uninsured,White,2011,Number,20722681,NA
US,United States,Employer,African-American / Black,2012,Percent,0.43209,0.002501
US,United States,Employer,African-American / Black,2012,Number,16161765,NA
US,United States,Individual,African-American / Black,2012,Number,999033,NA
US,United States,Individual,African-American / Black,2012,Percent,0.02671,8.96e-4
US,United States,Insured,African-American / Black,2012,Percent,0.82893,0.00195
US,United States,Insured,African-American / Black,2012,Number,31005157,NA
US,United States,Medicaid/CHIP,African-American / Black,2012,Percent,0.24554,0.002245
US,United States,Medicaid/CHIP,African-American / Black,2012,Number,9184057,NA
US,United States,Medicare,African-American / Black,2012,Percent,0.12459,0.00104
US,United States,Medicare,African-American / Black,2012,Number,4660302,NA
US,United States,Private,African-American / Black,2012,Number,17160798,NA
US,United States,Private,African-American / Black,2012,Percent,0.4588,0.002513
US,United States,Public,African-American / Black,2012,Percent,0.37013,0.002219
US,United States,Public,African-American / Black,2012,Number,13844359,NA
US,United States,Uninsured,African-American / Black,2012,Number,6398892,NA
US,United States,Uninsured,African-American / Black,2012,Percent,0.17107,0.00195
US,United States,Employer,American Indian / Alaska Native,2012,Number,716541,NA
US,United States,Employer,American Indian / Alaska Native,2012,Percent,0.34937,0.010511
US,United States,Individual,American Indian / Alaska Native,2012,Number,46772,NA
US,United States,Individual,American Indian / Alaska Native,2012,Percent,0.0228,0.002685
US,United States,Insured,American Indian / Alaska Native,2012,Number,1486036,NA
US,United States,Insured,American Indian / Alaska Native,2012,Percent,0.72456,0.009155
US,United States,Medicaid/CHIP,American Indian / Alaska Native,2012,Percent,0.23315,0.009525
US,United States,Medicaid/CHIP,American Indian / Alaska Native,2012,Number,478190,NA
US,United States,Medicare,American Indian / Alaska Native,2012,Percent,0.11923,0.004615
US,United States,Medicare,American Indian / Alaska Native,2012,Number,244533,NA
US,United States,Private,American Indian / Alaska Native,2012,Number,763313,NA
US,United States,Private,American Indian / Alaska Native,2012,Percent,0.37217,0.010637
US,United States,Public,American Indian / Alaska Native,2012,Number,722723,NA
US,United States,Public,American Indian / Alaska Native,2012,Percent,0.35238,0.01003
US,United States,Uninsured,American Indian / Alaska Native,2012,Number,564918,NA
US,United States,Uninsured,American Indian / Alaska Native,2012,Percent,0.27544,0.009155
US,United States,Employer,Asian,2012,Percent,0.56024,0.003913
US,United States,Employer,Asian,2012,Number,8592696,NA
US,United States,Individual,Asian,2012,Number,1362186,NA
US,United States,Individual,Asian,2012,Percent,0.08881,0.002133
US,United States,Insured,Asian,2012,Number,13050756,NA
US,United States,Insured,Asian,2012,Percent,0.8509,0.002999
US,United States,Medicaid/CHIP,Asian,2012,Percent,0.09936,0.002927
US,United States,Medicaid/CHIP,Asian,2012,Number,1523931,NA
US,United States,Medicare,Asian,2012,Percent,0.10249,0.00139
US,United States,Medicare,Asian,2012,Number,1571943,NA
US,United States,Private,Asian,2012,Number,9954882,NA
US,United States,Private,Asian,2012,Percent,0.64905,0.004019
US,United States,Public,Asian,2012,Percent,0.20185,0.003045
US,United States,Public,Asian,2012,Number,3095874,NA
US,United States,Uninsured,Asian,2012,Percent,0.1491,0.002999
US,United States,Uninsured,Asian,2012,Number,2286781,NA
US,United States,Employer,Hispanic / Latino,2012,Percent,0.3679,0.002917
US,United States,Employer,Hispanic / Latino,2012,Number,19260598,NA
US,United States,Individual,Hispanic / Latino,2012,Percent,0.02918,9.07e-4
US,United States,Individual,Hispanic / Latino,2012,Number,1527852,NA
US,United States,Insured,Hispanic / Latino,2012,Number,37288329,NA
US,United States,Insured,Hispanic / Latino,2012,Percent,0.71225,0.002731
US,United States,Medicaid/CHIP,Hispanic / Latino,2012,Percent,0.24619,0.001967
US,United States,Medicaid/CHIP,Hispanic / Latino,2012,Number,12888931,NA
US,United States,Medicare,Hispanic / Latino,2012,Percent,0.06897,6.98e-4
US,United States,Medicare,Hispanic / Latino,2012,Number,3610948,NA
US,United States,Private,Hispanic / Latino,2012,Percent,0.39708,0.00314
US,United States,Private,Hispanic / Latino,2012,Number,20788450,NA
US,United States,Public,Hispanic / Latino,2012,Number,16499879,NA
US,United States,Public,Hispanic / Latino,2012,Percent,0.31516,0.001994
US,United States,Uninsured,Hispanic / Latino,2012,Number,15064818,NA
US,United States,Uninsured,Hispanic / Latino,2012,Percent,0.28775,0.002731
US,United States,Employer,Native Hawaiian and Other Pacific Islander,2012,Number,242281,NA
US,United States,Employer,Native Hawaiian and Other Pacific Islander,2012,Percent,0.5021,0.025685
US,United States,Individual,Native Hawaiian and Other Pacific Islander,2012,Percent,0.0297,0.005678
US,United States,Individual,Native Hawaiian and Other Pacific Islander,2012,Number,14330,NA
US,United States,Insured,Native Hawaiian and Other Pacific Islander,2012,Percent,0.82942,0.016866
US,United States,Insured,Native Hawaiian and Other Pacific Islander,2012,Number,400227,NA
US,United States,Medicaid/CHIP,Native Hawaiian and Other Pacific Islander,2012,Number,102174,NA
US,United States,Medicaid/CHIP,Native Hawaiian and Other Pacific Islander,2012,Percent,0.21174,0.022724
US,United States,Medicare,Native Hawaiian and Other Pacific Islander,2012,Percent,0.08588,0.010501
US,United States,Medicare,Native Hawaiian and Other Pacific Islander,2012,Number,41442,NA
US,United States,Private,Native Hawaiian and Other Pacific Islander,2012,Number,256611,NA
US,United States,Private,Native Hawaiian and Other Pacific Islander,2012,Percent,0.5318,0.02597
US,United States,Public,Native Hawaiian and Other Pacific Islander,2012,Percent,0.29763,0.02179
US,United States,Public,Native Hawaiian and Other Pacific Islander,2012,Number,143616,NA
US,United States,Uninsured,Native Hawaiian and Other Pacific Islander,2012,Number,82310,NA
US,United States,Uninsured,Native Hawaiian and Other Pacific Islander,2012,Percent,0.17058,0.016866
US,United States,Employer,Other / Multiple Races,2012,Number,3763797,NA
US,United States,Employer,Other / Multiple Races,2012,Percent,0.52975,0.006348
US,United States,Individual,Other / Multiple Races,2012,Percent,0.05195,0.002298
US,United States,Individual,Other / Multiple Races,2012,Number,369116,NA
US,United States,Insured,Other / Multiple Races,2012,Percent,0.86963,0.003881
US,United States,Insured,Other / Multiple Races,2012,Number,6178581,NA
US,United States,Medicaid/CHIP,Other / Multiple Races,2012,Number,1555212,NA
US,United States,Medicaid/CHIP,Other / Multiple Races,2012,Percent,0.21889,0.004706
US,United States,Medicare,Other / Multiple Races,2012,Number,490456,NA
US,United States,Medicare,Other / Multiple Races,2012,Percent,0.06903,0.002281
US,United States,Private,Other / Multiple Races,2012,Percent,0.5817,0.006247
US,United States,Private,Other / Multiple Races,2012,Number,4132913,NA
US,United States,Public,Other / Multiple Races,2012,Percent,0.28793,0.004974
US,United States,Public,Other / Multiple Races,2012,Number,2045668,NA
US,United States,Uninsured,Other / Multiple Races,2012,Percent,0.13037,0.003881
US,United States,Uninsured,Other / Multiple Races,2012,Number,926263,NA
US,United States,Employer,White,2012,Percent,0.56621,0.001106
US,United States,Employer,White,2012,Number,110500000,NA
US,United States,Individual,White,2012,Percent,0.06049,6.55e-4
US,United States,Individual,White,2012,Number,11808015,NA
US,United States,Insured,White,2012,Percent,0.89682,9.12e-4
US,United States,Insured,White,2012,Number,175100000,NA
US,United States,Medicaid/CHIP,White,2012,Number,15735262,NA
US,United States,Medicaid/CHIP,White,2012,Percent,0.08061,7.09e-4
US,United States,Medicare,White,2012,Number,36993319,NA
US,United States,Medicare,White,2012,Percent,0.18951,2.51e-4
US,United States,Private,White,2012,Number,122300000,NA
US,United States,Private,White,2012,Percent,0.6267,0.001258
US,United States,Public,White,2012,Number,52728581,NA
US,United States,Public,White,2012,Percent,0.27012,7.44e-4
US,United States,Uninsured,White,2012,Percent,0.10318,9.12e-4
US,United States,Uninsured,White,2012,Number,20141045,NA
US,United States,Employer,African-American / Black,2013,Percent,0.43001,0.002974
US,United States,Employer,African-American / Black,2013,Number,16225345,NA
US,United States,Individual,African-American / Black,2013,Percent,0.02794,0.001052
US,United States,Individual,African-American / Black,2013,Number,1054446,NA
US,United States,Insured,African-American / Black,2013,Percent,0.8301,0.001884
US,United States,Insured,African-American / Black,2013,Number,31322008,NA
US,United States,Medicaid/CHIP,African-American / Black,2013,Percent,0.24404,0.002507
US,United States,Medicaid/CHIP,African-American / Black,2013,Number,9208488,NA
US,United States,Medicare,African-American / Black,2013,Percent,0.1281,0.001015
US,United States,Medicare,African-American / Black,2013,Number,4833729,NA
US,United States,Private,African-American / Black,2013,Percent,0.45795,0.002864
US,United States,Private,African-American / Black,2013,Number,17279791,NA
US,United States,Public,African-American / Black,2013,Percent,0.37215,0.002674
US,United States,Public,African-American / Black,2013,Number,14042217,NA
US,United States,Uninsured,African-American / Black,2013,Percent,0.1699,0.001884
US,United States,Uninsured,African-American / Black,2013,Number,6410897,NA
US,United States,Employer,American Indian / Alaska Native,2013,Number,690907,NA
US,United States,Employer,American Indian / Alaska Native,2013,Percent,0.33929,0.008551
US,United States,Individual,American Indian / Alaska Native,2013,Percent,0.02657,0.003425
US,United States,Individual,American Indian / Alaska Native,2013,Number,54104,NA
US,United States,Insured,American Indian / Alaska Native,2013,Number,1474088,NA
US,United States,Insured,American Indian / Alaska Native,2013,Percent,0.7239,0.007725
US,United States,Medicaid/CHIP,American Indian / Alaska Native,2013,Percent,0.23549,0.008259
US,United States,Medicaid/CHIP,American Indian / Alaska Native,2013,Number,479522,NA
US,United States,Medicare,American Indian / Alaska Native,2013,Number,249555,NA
US,United States,Medicare,American Indian / Alaska Native,2013,Percent,0.12255,0.005319
US,United States,Private,American Indian / Alaska Native,2013,Percent,0.36586,0.008786
US,United States,Private,American Indian / Alaska Native,2013,Number,745011,NA
US,United States,Public,American Indian / Alaska Native,2013,Number,729077,NA
US,United States,Public,American Indian / Alaska Native,2013,Percent,0.35804,0.008856
US,United States,Uninsured,American Indian / Alaska Native,2013,Percent,0.2761,0.007725
US,United States,Uninsured,American Indian / Alaska Native,2013,Number,562222,NA
US,United States,Employer,Asian,2013,Number,8879265,NA
US,United States,Employer,Asian,2013,Percent,0.56267,0.00485
US,United States,Individual,Asian,2013,Percent,0.08933,0.002347
US,United States,Individual,Asian,2013,Number,1409627,NA
US,United States,Insured,Asian,2013,Number,13502393,NA
US,United States,Insured,Asian,2013,Percent,0.85563,0.003916
US,United States,Medicaid/CHIP,Asian,2013,Number,1543686,NA
US,United States,Medicaid/CHIP,Asian,2013,Percent,0.09782,0.002613
US,United States,Medicare,Asian,2013,Percent,0.10581,0.001367
US,United States,Medicare,Asian,2013,Number,1669815,NA
US,United States,Private,Asian,2013,Number,10288892,NA
US,United States,Private,Asian,2013,Percent,0.65199,0.004688
US,United States,Public,Asian,2013,Percent,0.20363,0.002536
US,United States,Public,Asian,2013,Number,3213501,NA
US,United States,Uninsured,Asian,2013,Percent,0.14437,0.003916
US,United States,Uninsured,Asian,2013,Number,2278314,NA
US,United States,Employer,Hispanic / Latino,2013,Number,19676461,NA
US,United States,Employer,Hispanic / Latino,2013,Percent,0.36858,0.003241
US,United States,Individual,Hispanic / Latino,2013,Number,1686708,NA
US,United States,Individual,Hispanic / Latino,2013,Percent,0.0316,9.74e-4
US,United States,Insured,Hispanic / Latino,2013,Number,38312697,NA
US,United States,Insured,Hispanic / Latino,2013,Percent,0.71767,0.002834
US,United States,Medicaid/CHIP,Hispanic / Latino,2013,Number,13165107,NA
US,United States,Medicaid/CHIP,Hispanic / Latino,2013,Percent,0.24661,0.002038
US,United States,Medicare,Hispanic / Latino,2013,Percent,0.07089,7.15e-4
US,United States,Medicare,Hispanic / Latino,2013,Number,3784421,NA
US,United States,Private,Hispanic / Latino,2013,Number,21363169,NA
US,United States,Private,Hispanic / Latino,2013,Percent,0.40017,0.00347
US,United States,Public,Hispanic / Latino,2013,Percent,0.3175,0.001925
US,United States,Public,Hispanic / Latino,2013,Number,16949528,NA
US,United States,Uninsured,Hispanic / Latino,2013,Percent,0.28233,0.002834
US,United States,Uninsured,Hispanic / Latino,2013,Number,15072340,NA
US,United States,Employer,Native Hawaiian and Other Pacific Islander,2013,Number,236277,NA
US,United States,Employer,Native Hawaiian and Other Pacific Islander,2013,Percent,0.51278,0.026893
US,United States,Individual,Native Hawaiian and Other Pacific Islander,2013,Percent,0.03909,0.008302
US,United States,Individual,Native Hawaiian and Other Pacific Islander,2013,Number,18013,NA
US,United States,Insured,Native Hawaiian and Other Pacific Islander,2013,Number,383567,NA
US,United States,Insured,Native Hawaiian and Other Pacific Islander,2013,Percent,0.83243,0.018222
US,United States,Medicaid/CHIP,Native Hawaiian and Other Pacific Islander,2013,Percent,0.19583,0.021696
US,United States,Medicaid/CHIP,Native Hawaiian and Other Pacific Islander,2013,Number,90237,NA
US,United States,Medicare,Native Hawaiian and Other Pacific Islander,2013,Number,39040,NA
US,United States,Medicare,Native Hawaiian and Other Pacific Islander,2013,Percent,0.08473,0.00983
US,United States,Private,Native Hawaiian and Other Pacific Islander,2013,Percent,0.55187,0.025925
US,United States,Private,Native Hawaiian and Other Pacific Islander,2013,Number,254290,NA
US,United States,Public,Native Hawaiian and Other Pacific Islander,2013,Percent,0.28056,0.022141
US,United States,Public,Native Hawaiian and Other Pacific Islander,2013,Number,129277,NA
US,United States,Uninsured,Native Hawaiian and Other Pacific Islander,2013,Percent,0.16757,0.018222
US,United States,Uninsured,Native Hawaiian and Other Pacific Islander,2013,Number,77214,NA
US,United States,Employer,Other / Multiple Races,2013,Percent,0.53916,0.005732
US,United States,Employer,Other / Multiple Races,2013,Number,4022340,NA
US,United States,Individual,Other / Multiple Races,2013,Percent,0.05169,0.002133
US,United States,Individual,Other / Multiple Races,2013,Number,385616,NA
US,United States,Insured,Other / Multiple Races,2013,Percent,0.87221,0.003722
US,United States,Insured,Other / Multiple Races,2013,Number,6507072,NA
US,United States,Medicaid/CHIP,Other / Multiple Races,2013,Number,1582939,NA
US,United States,Medicaid/CHIP,Other / Multiple Races,2013,Percent,0.21218,0.004517
US,United States,Medicare,Other / Multiple Races,2013,Percent,0.06919,0.002125
US,United States,Medicare,Other / Multiple Races,2013,Number,516177,NA
US,United States,Private,Other / Multiple Races,2013,Percent,0.59084,0.00555
US,United States,Private,Other / Multiple Races,2013,Number,4407956,NA
US,United States,Public,Other / Multiple Races,2013,Number,2099116,NA
US,United States,Public,Other / Multiple Races,2013,Percent,0.28137,0.004326
US,United States,Uninsured,Other / Multiple Races,2013,Number,953355,NA
US,United States,Uninsured,Other / Multiple Races,2013,Percent,0.12779,0.003722
US,United States,Employer,White,2013,Percent,0.55973,0.001331
US,United States,Employer,White,2013,Number,109300000,NA
US,United States,Individual,White,2013,Number,12283162,NA
US,United States,Individual,White,2013,Percent,0.06289,6.56e-4
US,United States,Insured,White,2013,Number,175600000,NA
US,United States,Insured,White,2013,Percent,0.89889,9.79e-4
US,United States,Medicaid/CHIP,White,2013,Percent,0.08128,8.2e-4
US,United States,Medicaid/CHIP,White,2013,Number,15874834,NA
US,United States,Medicare,White,2013,Number,38083724,NA
US,United States,Medicare,White,2013,Percent,0.19499,2.85e-4
US,United States,Private,White,2013,Percent,0.62262,0.001516
US,United States,Private,White,2013,Number,121600000,NA
US,United States,Public,White,2013,Percent,0.27627,9.04e-4
US,United States,Public,White,2013,Number,53958558,NA
US,United States,Uninsured,White,2013,Percent,0.10111,9.79e-4
US,United States,Uninsured,White,2013,Number,19748931,NA
US,United States,Employer,African-American / Black,2014,Number,16641634,NA
US,United States,Employer,African-American / Black,2014,Percent,0.43553,0.002951
US,United States,Individual,African-American / Black,2014,Number,1552000,NA
US,United States,Individual,African-American / Black,2014,Percent,0.04062,0.001124
US,United States,Insured,African-American / Black,2014,Number,33069065,NA
US,United States,Insured,African-American / Black,2014,Percent,0.86545,0.001973
US,United States,Medicaid/CHIP,African-American / Black,2014,Percent,0.25614,0.002635
US,United States,Medicaid/CHIP,African-American / Black,2014,Number,9787217,NA
US,United States,Medicare,African-American / Black,2014,Percent,0.13316,0.001029
US,United States,Medicare,African-American / Black,2014,Number,5088214,NA
US,United States,Private,African-American / Black,2014,Percent,0.47615,0.002941
US,United States,Private,African-American / Black,2014,Number,18193634,NA
US,United States,Public,African-American / Black,2014,Number,14875431,NA
US,United States,Public,African-American / Black,2014,Percent,0.3893,0.002648
US,United States,Uninsured,African-American / Black,2014,Percent,0.13455,0.001973
US,United States,Uninsured,African-American / Black,2014,Number,5141176,NA
US,United States,Employer,American Indian / Alaska Native,2014,Number,727615,NA
US,United States,Employer,American Indian / Alaska Native,2014,Percent,0.35698,0.009918
US,United States,Individual,American Indian / Alaska Native,2014,Percent,0.03029,0.002886
US,United States,Individual,American Indian / Alaska Native,2014,Number,61737,NA
US,United States,Insured,American Indian / Alaska Native,2014,Percent,0.76988,0.008682
US,United States,Insured,American Indian / Alaska Native,2014,Number,1569215,NA
US,United States,Medicaid/CHIP,American Indian / Alaska Native,2014,Number,515857,NA
US,United States,Medicaid/CHIP,American Indian / Alaska Native,2014,Percent,0.25309,0.008425
US,United States,Medicare,American Indian / Alaska Native,2014,Number,264006,NA
US,United States,Medicare,American Indian / Alaska Native,2014,Percent,0.12953,0.005935
US,United States,Private,American Indian / Alaska Native,2014,Number,789352,NA
US,United States,Private,American Indian / Alaska Native,2014,Percent,0.38727,0.010049
US,United States,Public,American Indian / Alaska Native,2014,Percent,0.38261,0.009435
US,United States,Public,American Indian / Alaska Native,2014,Number,779863,NA
US,United States,Uninsured,American Indian / Alaska Native,2014,Percent,0.23012,0.008682
US,United States,Uninsured,American Indian / Alaska Native,2014,Number,469043,NA
US,United States,Employer,Asian,2014,Percent,0.56216,0.00423
US,United States,Employer,Asian,2014,Number,9247550,NA
US,United States,Individual,Asian,2014,Percent,0.10937,0.002659
US,United States,Individual,Asian,2014,Number,1799083,NA
US,United States,Insured,Asian,2014,Number,14751922,NA
US,United States,Insured,Asian,2014,Percent,0.89678,0.002733
US,United States,Medicaid/CHIP,Asian,2014,Percent,0.11494,0.003019
US,United States,Medicaid/CHIP,Asian,2014,Number,1890773,NA
US,United States,Medicare,Asian,2014,Number,1814516,NA
US,United States,Medicare,Asian,2014,Percent,0.11031,0.001344
US,United States,Private,Asian,2014,Percent,0.67153,0.004089
US,United States,Private,Asian,2014,Number,11046633,NA
US,United States,Public,Asian,2014,Percent,0.22525,0.003197
US,United States,Public,Asian,2014,Number,3705289,NA
US,United States,Uninsured,Asian,2014,Number,1698002,NA
US,United States,Uninsured,Asian,2014,Percent,0.10322,0.002733
US,United States,Employer,Hispanic / Latino,2014,Percent,0.3874,0.003381
US,United States,Employer,Hispanic / Latino,2014,Number,21182152,NA
US,United States,Individual,Hispanic / Latino,2014,Number,2459358,NA
US,United States,Individual,Hispanic / Latino,2014,Percent,0.04498,0.001158
US,United States,Insured,Hispanic / Latino,2014,Number,41916924,NA
US,United States,Insured,Hispanic / Latino,2014,Percent,0.76662,0.002563
US,United States,Medicaid/CHIP,Hispanic / Latino,2014,Number,14205963,NA
US,United States,Medicaid/CHIP,Hispanic / Latino,2014,Percent,0.25981,0.002046
US,United States,Medicare,Hispanic / Latino,2014,Percent,0.07443,6.21e-4
US,United States,Medicare,Hispanic / Latino,2014,Number,4069451,NA
US,United States,Private,Hispanic / Latino,2014,Percent,0.43238,0.0035
US,United States,Private,Hispanic / Latino,2014,Number,23641510,NA
US,United States,Public,Hispanic / Latino,2014,Percent,0.33424,0.0021
US,United States,Public,Hispanic / Latino,2014,Number,18275414,NA
US,United States,Uninsured,Hispanic / Latino,2014,Percent,0.23338,0.002563
US,United States,Uninsured,Hispanic / Latino,2014,Number,12760444,NA
US,United States,Employer,Native Hawaiian and Other Pacific Islander,2014,Number,267541,NA
US,United States,Employer,Native Hawaiian and Other Pacific Islander,2014,Percent,0.54283,0.02632
US,United States,Individual,Native Hawaiian and Other Pacific Islander,2014,Number,17564,NA
US,United States,Individual,Native Hawaiian and Other Pacific Islander,2014,Percent,0.03564,0.008483
US,United States,Insured,Native Hawaiian and Other Pacific Islander,2014,Percent,0.87196,0.014278
US,United States,Insured,Native Hawaiian and Other Pacific Islander,2014,Number,429753,NA
US,United States,Medicaid/CHIP,Native Hawaiian and Other Pacific Islander,2014,Percent,0.20439,0.020955
US,United States,Medicaid/CHIP,Native Hawaiian and Other Pacific Islander,2014,Number,100734,NA
US,United States,Medicare,Native Hawaiian and Other Pacific Islander,2014,Number,43914,NA
US,United States,Medicare,Native Hawaiian and Other Pacific Islander,2014,Percent,0.0891,0.010808
US,United States,Private,Native Hawaiian and Other Pacific Islander,2014,Number,285105,NA
US,United States,Private,Native Hawaiian and Other Pacific Islander,2014,Percent,0.57847,0.025714
US,United States,Public,Native Hawaiian and Other Pacific Islander,2014,Percent,0.29349,0.022464
US,United States,Public,Native Hawaiian and Other Pacific Islander,2014,Number,144648,NA
US,United States,Uninsured,Native Hawaiian and Other Pacific Islander,2014,Number,63108,NA
US,United States,Uninsured,Native Hawaiian and Other Pacific Islander,2014,Percent,0.12804,0.014278
US,United States,Employer,Other / Multiple Races,2014,Percent,0.53741,0.006857
US,United States,Employer,Other / Multiple Races,2014,Number,4128132,NA
US,United States,Individual,Other / Multiple Races,2014,Percent,0.05871,0.002642
US,United States,Individual,Other / Multiple Races,2014,Number,450986,NA
US,United States,Insured,Other / Multiple Races,2014,Number,6929587,NA
US,United States,Insured,Other / Multiple Races,2014,Percent,0.90211,0.0035
US,United States,Medicaid/CHIP,Other / Multiple Races,2014,Percent,0.2346,0.006204
US,United States,Medicaid/CHIP,Other / Multiple Races,2014,Number,1802112,NA
US,United States,Medicare,Other / Multiple Races,2014,Percent,0.07139,0.002434
US,United States,Medicare,Other / Multiple Races,2014,Number,548357,NA
US,United States,Private,Other / Multiple Races,2014,Percent,0.59612,0.007123
US,United States,Private,Other / Multiple Races,2014,Number,4579118,NA
US,United States,Public,Other / Multiple Races,2014,Percent,0.30599,0.006051
US,United States,Public,Other / Multiple Races,2014,Number,2350469,NA
US,United States,Uninsured,Other / Multiple Races,2014,Number,751912,NA
US,United States,Uninsured,Other / Multiple Races,2014,Percent,0.09789,0.0035
US,United States,Employer,White,2014,Number,109000000,NA
US,United States,Employer,White,2014,Percent,0.5582,0.001348
US,United States,Individual,White,2014,Percent,0.0709,6.58e-4
US,United States,Individual,White,2014,Number,13849723,NA
US,United States,Insured,White,2014,Number,179700000,NA
US,United States,Insured,White,2014,Percent,0.91967,8.45e-4
US,United States,Medicaid/CHIP,White,2014,Percent,0.0906,8.24e-4
US,United States,Medicaid/CHIP,White,2014,Number,17697700,NA
US,United States,Medicare,White,2014,Percent,0.19998,3.32e-4
US,United States,Medicare,White,2014,Number,39065520,NA
US,United States,Private,White,2014,Percent,0.62909,0.001414
US,United States,Private,White,2014,Number,122900000,NA
US,United States,Public,White,2014,Percent,0.29058,8.91e-4
US,United States,Public,White,2014,Number,56763220,NA
US,United States,Uninsured,White,2014,Percent,0.08033,8.45e-4
US,United States,Uninsured,White,2014,Number,15691721,NA
US,United States,Employer,African-American / Black,2015,Percent,0.44401,0.003406
US,United States,Employer,African-American / Black,2015,Number,17120292,NA
US,United States,Individual,African-American / Black,2015,Number,1857200,NA
US,United States,Individual,African-American / Black,2015,Percent,0.04817,0.001221
US,United States,Insured,African-American / Black,2015,Number,34358893,NA
US,United States,Insured,African-American / Black,2015,Percent,0.89109,0.001735
US,United States,Medicaid/CHIP,African-American / Black,2015,Percent,0.26299,0.002487
US,United States,Medicaid/CHIP,African-American / Black,2015,Number,10140515,NA
US,United States,Medicare,African-American / Black,2015,Number,5240886,NA
US,United States,Medicare,African-American / Black,2015,Percent,0.13592,0.001199
US,United States,Private,African-American / Black,2015,Percent,0.49218,0.003287
US,United States,Private,African-American / Black,2015,Number,18977492,NA
US,United States,Public,African-American / Black,2015,Percent,0.39891,0.0026
US,United States,Public,African-American / Black,2015,Number,15381401,NA
US,United States,Uninsured,African-American / Black,2015,Percent,0.10891,0.001735
US,United States,Uninsured,African-American / Black,2015,Number,4199448,NA
US,United States,Employer,American Indian / Alaska Native,2015,Number,717403,NA
US,United States,Employer,American Indian / Alaska Native,2015,Percent,0.35585,0.010387
US,United States,Individual,American Indian / Alaska Native,2015,Percent,0.03845,0.004252
US,United States,Individual,American Indian / Alaska Native,2015,Number,77519,NA
US,United States,Insured,American Indian / Alaska Native,2015,Number,1592712,NA
US,United States,Insured,American Indian / Alaska Native,2015,Percent,0.79001999999999994,0.009737
US,United States,Medicaid/CHIP,American Indian / Alaska Native,2015,Percent,0.25774,0.008211
US,United States,Medicaid/CHIP,American Indian / Alaska Native,2015,Number,519614,NA
US,United States,Medicare,American Indian / Alaska Native,2015,Percent,0.13798,0.00588
US,United States,Medicare,American Indian / Alaska Native,2015,Number,278176,NA
US,United States,Private,American Indian / Alaska Native,2015,Percent,0.3943,0.010205
US,United States,Private,American Indian / Alaska Native,2015,Number,794922,NA
US,United States,Public,American Indian / Alaska Native,2015,Percent,0.39572,0.009295
US,United States,Public,American Indian / Alaska Native,2015,Number,797790,NA
US,United States,Uninsured,American Indian / Alaska Native,2015,Number,423323,NA
US,United States,Uninsured,American Indian / Alaska Native,2015,Percent,0.20998,0.009737
US,United States,Employer,Asian,2015,Percent,0.56584,0.003873
US,United States,Employer,Asian,2015,Number,9645989,NA
US,United States,Individual,Asian,2015,Number,1956414,NA
US,United States,Individual,Asian,2015,Percent,0.11476,0.002589
US,United States,Insured,Asian,2015,Number,15718994,NA
US,United States,Insured,Asian,2015,Percent,0.92208,0.002795
US,United States,Medicaid/CHIP,Asian,2015,Percent,0.12728,0.002795
US,United States,Medicaid/CHIP,Asian,2015,Number,2169848,NA
US,United States,Medicare,Asian,2015,Number,1946743,NA
US,United States,Medicare,Asian,2015,Percent,0.1142,0.001506
US,United States,Private,Asian,2015,Percent,0.6806,0.003784
US,United States,Private,Asian,2015,Number,11602403,NA
US,United States,Public,Asian,2015,Percent,0.24148,0.002803
US,United States,Public,Asian,2015,Number,4116591,NA
US,United States,Uninsured,Asian,2015,Percent,0.07792,0.002795
US,United States,Uninsured,Asian,2015,Number,1328332,NA
US,United States,Employer,Hispanic / Latino,2015,Percent,0.39406,0.003277
US,United States,Employer,Hispanic / Latino,2015,Number,22029285,NA
US,United States,Individual,Hispanic / Latino,2015,Number,3053569,NA
US,United States,Individual,Hispanic / Latino,2015,Percent,0.05462,0.001085
US,United States,Insured,Hispanic / Latino,2015,Number,45092491,NA
US,United States,Insured,Hispanic / Latino,2015,Percent,0.80662,0.002217
US,United States,Medicaid/CHIP,Hispanic / Latino,2015,Percent,0.28056,0.002431
US,United States,Medicaid/CHIP,Hispanic / Latino,2015,Number,15684275,NA
US,United States,Medicare,Hispanic / Latino,2015,Percent,0.07737,7.6e-4
US,United States,Medicare,Hispanic / Latino,2015,Number,4325362,NA
US,United States,Private,Hispanic / Latino,2015,Percent,0.44869,0.003435
US,United States,Private,Hispanic / Latino,2015,Number,25082854,NA
US,United States,Public,Hispanic / Latino,2015,Number,20009637,NA
US,United States,Public,Hispanic / Latino,2015,Percent,0.35794,0.002443
US,United States,Uninsured,Hispanic / Latino,2015,Number,10810310,NA
US,United States,Uninsured,Hispanic / Latino,2015,Percent,0.19338,0.002217
US,United States,Employer,Native Hawaiian and Other Pacific Islander,2015,Number,265126,NA
US,United States,Employer,Native Hawaiian and Other Pacific Islander,2015,Percent,0.55496,0.026396
US,United States,Individual,Native Hawaiian and Other Pacific Islander,2015,Percent,0.04064,0.007877
US,United States,Individual,Native Hawaiian and Other Pacific Islander,2015,Number,19416,NA
US,United States,Insured,Native Hawaiian and Other Pacific Islander,2015,Percent,0.90726,0.012829
US,United States,Insured,Native Hawaiian and Other Pacific Islander,2015,Number,433432,NA
US,United States,Medicaid/CHIP,Native Hawaiian and Other Pacific Islander,2015,Number,102865,NA
US,United States,Medicaid/CHIP,Native Hawaiian and Other Pacific Islander,2015,Percent,0.21532,0.02154
US,United States,Medicare,Native Hawaiian and Other Pacific Islander,2015,Percent,0.09634,0.009997
US,United States,Medicare,Native Hawaiian and Other Pacific Islander,2015,Number,46025,NA
US,United States,Private,Native Hawaiian and Other Pacific Islander,2015,Percent,0.59561,0.025076
US,United States,Private,Native Hawaiian and Other Pacific Islander,2015,Number,284542,NA
US,United States,Public,Native Hawaiian and Other Pacific Islander,2015,Percent,0.31166,0.021136
US,United States,Public,Native Hawaiian and Other Pacific Islander,2015,Number,148890,NA
US,United States,Uninsured,Native Hawaiian and Other Pacific Islander,2015,Number,44304,NA
US,United States,Uninsured,Native Hawaiian and Other Pacific Islander,2015,Percent,0.09274,0.012829
US,United States,Employer,Other / Multiple Races,2015,Percent,0.55349,0.00591
US,United States,Employer,Other / Multiple Races,2015,Number,4426833,NA
US,United States,Individual,Other / Multiple Races,2015,Percent,0.06377,0.002822
US,United States,Individual,Other / Multiple Races,2015,Number,510001,NA
US,United States,Insured,Other / Multiple Races,2015,Percent,0.92221,0.002589
US,United States,Insured,Other / Multiple Races,2015,Number,7375777,NA
US,United States,Medicaid/CHIP,Other / Multiple Races,2015,Percent,0.23312,0.004937
US,United States,Medicaid/CHIP,Other / Multiple Races,2015,Number,1864493,NA
US,United States,Medicare,Other / Multiple Races,2015,Number,574450,NA
US,United States,Medicare,Other / Multiple Races,2015,Percent,0.07182,0.002013
US,United States,Private,Other / Multiple Races,2015,Percent,0.61726,0.006184
US,United States,Private,Other / Multiple Races,2015,Number,4936834,NA
US,United States,Public,Other / Multiple Races,2015,Number,2438943,NA
US,United States,Public,Other / Multiple Races,2015,Percent,0.30495,0.005318
US,United States,Uninsured,Other / Multiple Races,2015,Number,622187,NA
US,United States,Uninsured,Other / Multiple Races,2015,Percent,0.07779,0.002589
US,United States,Employer,White,2015,Percent,0.55685,0.001353
US,United States,Employer,White,2015,Number,108900000,NA
US,United States,Individual,White,2015,Percent,0.07658,7.2e-4
US,United States,Individual,White,2015,Number,14968978,NA
US,United States,Insured,White,2015,Percent,0.93719,8.05e-4
US,United States,Insured,White,2015,Number,183200000,NA
US,United States,Medicaid/CHIP,White,2015,Number,19338796,NA
US,United States,Medicaid/CHIP,White,2015,Percent,0.09893,8.29e-4
US,United States,Medicare,White,2015,Percent,0.20483,3.19e-4
US,United States,Medicare,White,2015,Number,40040172,NA
US,United States,Private,White,2015,Number,123800000,NA
US,United States,Private,White,2015,Percent,0.63343,0.001359
US,United States,Public,White,2015,Number,59378968,NA
US,United States,Public,White,2015,Percent,0.30376,9.5e-4
US,United States,Uninsured,White,2015,Percent,0.06281,8.05e-4
US,United States,Uninsured,White,2015,Number,12278539,NA
US,United States,Employer,African-American / Black,2016,Percent,0.45316,0.003173
US,United States,Employer,African-American / Black,2016,Number,17552972,NA
US,United States,Individual,African-American / Black,2016,Number,1882556,NA
US,United States,Individual,African-American / Black,2016,Percent,0.0486,0.001154
US,United States,Insured,African-American / Black,2016,Percent,0.90445,0.001522
US,United States,Insured,African-American / Black,2016,Number,35033571,NA
US,United States,Medicaid/CHIP,African-American / Black,2016,Number,10145428,NA
US,United States,Medicaid/CHIP,African-American / Black,2016,Percent,0.26192,0.002334
US,United States,Medicare,African-American / Black,2016,Number,5452615,NA
US,United States,Medicare,African-American / Black,2016,Percent,0.14077,0.001074
US,United States,Private,African-American / Black,2016,Number,19435528,NA
US,United States,Private,African-American / Black,2016,Percent,0.50176,0.003098
US,United States,Public,African-American / Black,2016,Percent,0.40269,0.002458
US,United States,Public,African-American / Black,2016,Number,15598043,NA
US,United States,Uninsured,African-American / Black,2016,Percent,0.09555,0.001522
US,United States,Uninsured,African-American / Black,2016,Number,3701229,NA
US,United States,Employer,American Indian / Alaska Native,2016,Number,723899,NA
US,United States,Employer,American Indian / Alaska Native,2016,Percent,0.34981,0.010348
US,United States,Individual,American Indian / Alaska Native,2016,Number,85061,NA
US,United States,Individual,American Indian / Alaska Native,2016,Percent,0.0411,0.004883
US,United States,Insured,American Indian / Alaska Native,2016,Percent,0.80329,0.007782
US,United States,Insured,American Indian / Alaska Native,2016,Number,1662328,NA
US,United States,Medicaid/CHIP,American Indian / Alaska Native,2016,Percent,0.278,0.010345
US,United States,Medicaid/CHIP,American Indian / Alaska Native,2016,Number,575298,NA
US,United States,Medicare,American Indian / Alaska Native,2016,Number,278070,NA
US,United States,Medicare,American Indian / Alaska Native,2016,Percent,0.13437,0.004523
US,United States,Private,American Indian / Alaska Native,2016,Number,808960,NA
US,United States,Private,American Indian / Alaska Native,2016,Percent,0.39092,0.010999
US,United States,Public,American Indian / Alaska Native,2016,Percent,0.41238,0.010616
US,United States,Public,American Indian / Alaska Native,2016,Number,853368,NA
US,United States,Uninsured,American Indian / Alaska Native,2016,Number,407059,NA
US,United States,Uninsured,American Indian / Alaska Native,2016,Percent,0.19671,0.007782
US,United States,Employer,Asian,2016,Percent,0.57409,0.003774
US,United States,Employer,Asian,2016,Number,9939199,NA
US,United States,Individual,Asian,2016,Percent,0.1147,0.00245
US,United States,Individual,Asian,2016,Number,1985716,NA
US,United States,Insured,Asian,2016,Percent,0.93401,0.00199
US,United States,Insured,Asian,2016,Number,16170510,NA
US,United States,Medicaid/CHIP,Asian,2016,Percent,0.12644,0.002872
US,United States,Medicaid/CHIP,Asian,2016,Number,2189079,NA
US,United States,Medicare,Asian,2016,Number,2056516,NA
US,United States,Medicare,Asian,2016,Percent,0.11878,0.001327
US,United States,Private,Asian,2016,Percent,0.68878,0.003712
US,United States,Private,Asian,2016,Number,11924915,NA
US,United States,Public,Asian,2016,Number,4245595,NA
US,United States,Public,Asian,2016,Percent,0.24523,0.003267
US,United States,Uninsured,Asian,2016,Number,1142501,NA
US,United States,Uninsured,Asian,2016,Percent,0.06599,0.00199
US,United States,Employer,Hispanic / Latino,2016,Number,22823463,NA
US,United States,Employer,Hispanic / Latino,2016,Percent,0.40174,0.003055
US,United States,Individual,Hispanic / Latino,2016,Number,3113784,NA
US,United States,Individual,Hispanic / Latino,2016,Percent,0.05481,0.00114
US,United States,Insured,Hispanic / Latino,2016,Percent,0.82073,0.002185
US,United States,Insured,Hispanic / Latino,2016,Number,46627141,NA
US,United States,Medicaid/CHIP,Hispanic / Latino,2016,Number,16155734,NA
US,United States,Medicaid/CHIP,Hispanic / Latino,2016,Percent,0.28437,0.002394
US,United States,Medicare,Hispanic / Latino,2016,Number,4534160,NA
US,United States,Medicare,Hispanic / Latino,2016,Percent,0.07981,6.8e-4
US,United States,Private,Hispanic / Latino,2016,Percent,0.45655,0.003186
US,United States,Private,Hispanic / Latino,2016,Number,25937247,NA
US,United States,Public,Hispanic / Latino,2016,Percent,0.36418,0.002355
US,United States,Public,Hispanic / Latino,2016,Number,20689894,NA
US,United States,Uninsured,Hispanic / Latino,2016,Number,10184630,NA
US,United States,Uninsured,Hispanic / Latino,2016,Percent,0.17927,0.002185
US,United States,Employer,Native Hawaiian and Other Pacific Islander,2016,Percent,0.52342,0.025508
US,United States,Employer,Native Hawaiian and Other Pacific Islander,2016,Number,275313,NA
US,United States,Individual,Native Hawaiian and Other Pacific Islander,2016,Percent,0.044,0.008528
US,United States,Individual,Native Hawaiian and Other Pacific Islander,2016,Number,23141,NA
US,United States,Insured,Native Hawaiian and Other Pacific Islander,2016,Percent,0.89914,0.012194
US,United States,Insured,Native Hawaiian and Other Pacific Islander,2016,Number,472939,NA
US,United States,Medicaid/CHIP,Native Hawaiian and Other Pacific Islander,2016,Percent,0.23801,0.022633
US,United States,Medicaid/CHIP,Native Hawaiian and Other Pacific Islander,2016,Number,125189,NA
US,United States,Medicare,Native Hawaiian and Other Pacific Islander,2016,Number,49296,NA
US,United States,Medicare,Native Hawaiian and Other Pacific Islander,2016,Percent,0.09372,0.00906
US,United States,Private,Native Hawaiian and Other Pacific Islander,2016,Percent,0.56741,0.02587
US,United States,Private,Native Hawaiian and Other Pacific Islander,2016,Number,298454,NA
US,United States,Public,Native Hawaiian and Other Pacific Islander,2016,Percent,0.33173,0.021701
US,United States,Public,Native Hawaiian and Other Pacific Islander,2016,Number,174485,NA
US,United States,Uninsured,Native Hawaiian and Other Pacific Islander,2016,Percent,0.10086,0.012194
US,United States,Uninsured,Native Hawaiian and Other Pacific Islander,2016,Number,53052,NA
US,United States,Employer,Other / Multiple Races,2016,Percent,0.54775,0.006235
US,United States,Employer,Other / Multiple Races,2016,Number,4566777,NA
US,United States,Individual,Other / Multiple Races,2016,Percent,0.06568,0.002425
US,United States,Individual,Other / Multiple Races,2016,Number,547600,NA
US,United States,Insured,Other / Multiple Races,2016,Percent,0.92773,0.002497
US,United States,Insured,Other / Multiple Races,2016,Number,7734756,NA
US,United States,Medicaid/CHIP,Other / Multiple Races,2016,Number,2019365,NA
US,United States,Medicaid/CHIP,Other / Multiple Races,2016,Percent,0.24221,0.006136
US,United States,Medicare,Other / Multiple Races,2016,Percent,0.07209,0.002742
US,United States,Medicare,Other / Multiple Races,2016,Number,601014,NA
US,United States,Private,Other / Multiple Races,2016,Percent,0.61343,0.006174
US,United States,Private,Other / Multiple Races,2016,Number,5114377,NA
US,United States,Public,Other / Multiple Races,2016,Percent,0.3143,0.005806
US,United States,Public,Other / Multiple Races,2016,Number,2620379,NA
US,United States,Uninsured,Other / Multiple Races,2016,Percent,0.07227,0.002497
US,United States,Uninsured,Other / Multiple Races,2016,Number,602563,NA
US,United States,Employer,White,2016,Number,108700000,NA
US,United States,Employer,White,2016,Percent,0.5561,0.001516
US,United States,Individual,White,2016,Number,14927202,NA
US,United States,Individual,White,2016,Percent,0.07638,8.23e-4
US,United States,Insured,White,2016,Number,184300000,NA
US,United States,Insured,White,2016,Percent,0.94299,6.93e-4
US,United States,Medicaid/CHIP,White,2016,Percent,0.10113,9.95e-4
US,United States,Medicaid/CHIP,White,2016,Number,19763889,NA
US,United States,Medicare,White,2016,Number,40914966,NA
US,United States,Medicare,White,2016,Percent,0.20937,3.08e-4
US,United States,Private,White,2016,Percent,0.63249,0.001477
US,United States,Private,White,2016,Number,123600000,NA
US,United States,Public,White,2016,Number,60678855,NA
US,United States,Public,White,2016,Percent,0.3105,0.001099
US,United States,Uninsured,White,2016,Number,11141526,NA
US,United States,Uninsured,White,2016,Percent,0.05701,6.93e-4
US,United States,Employer,African-American / Black,2017,Percent,0.45566,0.002992
US,United States,Employer,African-American / Black,2017,Number,17794667,NA
US,United States,Individual,African-American / Black,2017,Percent,0.04446,0.001211
US,United States,Individual,African-American / Black,2017,Number,1736400,NA
US,United States,Insured,African-American / Black,2017,Percent,0.90104,0.001839
US,United States,Insured,African-American / Black,2017,Number,35188176,NA
US,United States,Medicaid/CHIP,African-American / Black,2017,Percent,0.25774,0.002778
US,United States,Medicaid/CHIP,African-American / Black,2017,Number,10065534,NA
US,United States,Medicare,African-American / Black,2017,Number,5591575,NA
US,United States,Medicare,African-American / Black,2017,Percent,0.14318,0.001034
US,United States,Private,African-American / Black,2017,Number,19531067,NA
US,United States,Private,African-American / Black,2017,Percent,0.50012,0.003192
US,United States,Public,African-American / Black,2017,Percent,0.40092,0.002786
US,United States,Public,African-American / Black,2017,Number,15657109,NA
US,United States,Uninsured,African-American / Black,2017,Number,3864550,NA
US,United States,Uninsured,African-American / Black,2017,Percent,0.09896,0.001839
US,United States,Employer,American Indian / Alaska Native,2017,Number,728121,NA
US,United States,Employer,American Indian / Alaska Native,2017,Percent,0.35211,0.010174
US,United States,Individual,American Indian / Alaska Native,2017,Number,65609,NA
US,United States,Individual,American Indian / Alaska Native,2017,Percent,0.03173,0.002899
US,United States,Insured,American Indian / Alaska Native,2017,Percent,0.80291,0.007505
US,United States,Insured,American Indian / Alaska Native,2017,Number,1660332,NA
US,United States,Medicaid/CHIP,American Indian / Alaska Native,2017,Number,572168,NA
US,United States,Medicaid/CHIP,American Indian / Alaska Native,2017,Percent,0.27669,0.008321
US,United States,Medicare,American Indian / Alaska Native,2017,Percent,0.14238,0.004833
US,United States,Medicare,American Indian / Alaska Native,2017,Number,294434,NA
US,United States,Private,American Indian / Alaska Native,2017,Percent,0.38383,0.010766
US,United States,Private,American Indian / Alaska Native,2017,Number,793730,NA
US,United States,Public,American Indian / Alaska Native,2017,Percent,0.41907,0.009939
US,United States,Public,American Indian / Alaska Native,2017,Number,866602,NA
US,United States,Uninsured,American Indian / Alaska Native,2017,Percent,0.19709,0.007505
US,United States,Uninsured,American Indian / Alaska Native,2017,Number,407571,NA
US,United States,Employer,Asian,2017,Percent,0.57749,0.004314
US,United States,Employer,Asian,2017,Number,10372022,NA
US,United States,Individual,Asian,2017,Percent,0.11035,0.002509
US,United States,Individual,Asian,2017,Number,1981949,NA
US,United States,Insured,Asian,2017,Percent,0.93429,0.002174
US,United States,Insured,Asian,2017,Number,16780335,NA
US,United States,Medicaid/CHIP,Asian,2017,Percent,0.12591,0.003062
US,United States,Medicaid/CHIP,Asian,2017,Number,2261354,NA
US,United States,Medicare,Asian,2017,Number,2165010,NA
US,United States,Medicare,Asian,2017,Percent,0.12054,0.001054
US,United States,Private,Asian,2017,Percent,0.68784,0.003503
US,United States,Private,Asian,2017,Number,12353971,NA
US,United States,Public,Asian,2017,Percent,0.24645,0.003136
US,United States,Public,Asian,2017,Number,4426364,NA
US,United States,Uninsured,Asian,2017,Number,1180137,NA
US,United States,Uninsured,Asian,2017,Percent,0.06571,0.002174
US,United States,Employer,Hispanic / Latino,2017,Number,23970514,NA
US,United States,Employer,Hispanic / Latino,2017,Percent,0.41141,0.003469
US,United States,Individual,Hispanic / Latino,2017,Number,3164201,NA
US,United States,Individual,Hispanic / Latino,2017,Percent,0.05431,0.001136
US,United States,Insured,Hispanic / Latino,2017,Percent,0.82322,0.002229
US,United States,Insured,Hispanic / Latino,2017,Number,47963609,NA
US,United States,Medicaid/CHIP,Hispanic / Latino,2017,Percent,0.27559,0.002815
US,United States,Medicaid/CHIP,Hispanic / Latino,2017,Number,16057079,NA
US,United States,Medicare,Hispanic / Latino,2017,Number,4771815,NA
US,United States,Medicare,Hispanic / Latino,2017,Percent,0.0819,0.00064899999999999995
US,United States,Private,Hispanic / Latino,2017,Number,27134715,NA
US,United States,Private,Hispanic / Latino,2017,Percent,0.46572,0.003642
US,United States,Public,Hispanic / Latino,2017,Percent,0.35749,0.002831
US,United States,Public,Hispanic / Latino,2017,Number,20828894,NA
US,United States,Uninsured,Hispanic / Latino,2017,Number,10300016,NA
US,United States,Uninsured,Hispanic / Latino,2017,Percent,0.17678,0.002229
US,United States,Employer,Native Hawaiian and Other Pacific Islander,2017,Percent,0.5321,0.026509
US,United States,Employer,Native Hawaiian and Other Pacific Islander,2017,Number,273500,NA
US,United States,Individual,Native Hawaiian and Other Pacific Islander,2017,Percent,0.04948,0.010163
US,United States,Individual,Native Hawaiian and Other Pacific Islander,2017,Number,25435,NA
US,United States,Insured,Native Hawaiian and Other Pacific Islander,2017,Number,463635,NA
US,United States,Insured,Native Hawaiian and Other Pacific Islander,2017,Percent,0.90201,0.012954
US,United States,Medicaid/CHIP,Native Hawaiian and Other Pacific Islander,2017,Percent,0.2207,0.022963
US,United States,Medicaid/CHIP,Native Hawaiian and Other Pacific Islander,2017,Number,113440,NA
US,United States,Medicare,Native Hawaiian and Other Pacific Islander,2017,Number,51260,NA
US,United States,Medicare,Native Hawaiian and Other Pacific Islander,2017,Percent,0.09973,0.009995
US,United States,Private,Native Hawaiian and Other Pacific Islander,2017,Number,298935,NA
US,United States,Private,Native Hawaiian and Other Pacific Islander,2017,Percent,0.58158,0.02672
US,United States,Public,Native Hawaiian and Other Pacific Islander,2017,Number,164700,NA
US,United States,Public,Native Hawaiian and Other Pacific Islander,2017,Percent,0.32043,0.023989
US,United States,Uninsured,Native Hawaiian and Other Pacific Islander,2017,Percent,0.09799,0.012954
US,United States,Uninsured,Native Hawaiian and Other Pacific Islander,2017,Number,50369,NA
US,United States,Employer,Other / Multiple Races,2017,Percent,0.56161,0.007349
US,United States,Employer,Other / Multiple Races,2017,Number,4901100,NA
US,United States,Individual,Other / Multiple Races,2017,Percent,0.06268,0.003071
US,United States,Individual,Other / Multiple Races,2017,Number,546995,NA
US,United States,Insured,Other / Multiple Races,2017,Number,8078982,NA
US,United States,Insured,Other / Multiple Races,2017,Percent,0.92576,0.002655
US,United States,Medicaid/CHIP,Other / Multiple Races,2017,Number,2010790,NA
US,United States,Medicaid/CHIP,Other / Multiple Races,2017,Percent,0.23041,0.006177
US,United States,Medicare,Other / Multiple Races,2017,Percent,0.07106,0.002152
US,United States,Medicare,Other / Multiple Races,2017,Number,620097,NA
US,United States,Private,Other / Multiple Races,2017,Percent,0.62429,0.006873
US,United States,Private,Other / Multiple Races,2017,Number,5448095,NA
US,United States,Public,Other / Multiple Races,2017,Percent,0.30147,0.006436
US,United States,Public,Other / Multiple Races,2017,Number,2630887,NA
US,United States,Uninsured,Other / Multiple Races,2017,Percent,0.07424,0.002655
US,United States,Uninsured,Other / Multiple Races,2017,Number,647863,NA
US,United States,Employer,White,2017,Percent,0.55841,0.001492
US,United States,Employer,White,2017,Number,109000000,NA
US,United States,Individual,White,2017,Percent,0.06983,7.17e-4
US,United States,Individual,White,2017,Number,13633999,NA
US,United States,Insured,White,2017,Percent,0.94098,7.72e-4
US,United States,Insured,White,2017,Number,183700000,NA
US,United States,Medicaid/CHIP,White,2017,Number,19376151,NA
US,United States,Medicaid/CHIP,White,2017,Percent,0.09924,9.01e-4
US,United States,Medicare,White,2017,Number,41681537,NA
US,United States,Medicare,White,2017,Percent,0.21349,2.94e-4
US,United States,Private,White,2017,Percent,0.62825,0.001486
US,United States,Private,White,2017,Number,122700000,NA
US,United States,Public,White,2017,Percent,0.31273,9.87e-4
US,United States,Public,White,2017,Number,61057688,NA
US,United States,Uninsured,White,2017,Percent,0.05902,7.72e-4
US,United States,Uninsured,White,2017,Number,11522979,NA
US,United States,Employer,African-American / Black,2018,Number,17926139,NA
US,United States,Employer,African-American / Black,2018,Percent,0.45601,0.00343
US,United States,Individual,African-American / Black,2018,Percent,0.04288,9.6e-4
US,United States,Individual,African-American / Black,2018,Number,1685527,NA
US,United States,Insured,African-American / Black,2018,Percent,0.89838,0.001908
US,United States,Insured,African-American / Black,2018,Number,35316186,NA
US,United States,Medicaid/CHIP,African-American / Black,2018,Percent,0.25267,0.002873
US,United States,Medicaid/CHIP,African-American / Black,2018,Number,9932692,NA
US,United States,Medicare,African-American / Black,2018,Number,5771828,NA
US,United States,Medicare,African-American / Black,2018,Percent,0.14682,0.001083
US,United States,Private,African-American / Black,2018,Number,19611666,NA
US,United States,Private,African-American / Black,2018,Percent,0.49889,0.003451
US,United States,Public,African-American / Black,2018,Percent,0.39949,0.003053
US,United States,Public,African-American / Black,2018,Number,15704520,NA
US,United States,Uninsured,African-American / Black,2018,Percent,0.10162,0.001908
US,United States,Uninsured,African-American / Black,2018,Number,3994764,NA
US,United States,Employer,American Indian / Alaska Native,2018,Number,751127,NA
US,United States,Employer,American Indian / Alaska Native,2018,Percent,0.35508,0.009762
US,United States,Individual,American Indian / Alaska Native,2018,Percent,0.03023,0.00328
US,United States,Individual,American Indian / Alaska Native,2018,Number,63938,NA
US,United States,Insured,American Indian / Alaska Native,2018,Number,1707107,NA
US,United States,Insured,American Indian / Alaska Native,2018,Percent,0.807,0.007475
US,United States,Medicaid/CHIP,American Indian / Alaska Native,2018,Number,580343,NA
US,United States,Medicaid/CHIP,American Indian / Alaska Native,2018,Percent,0.27435,0.00949
US,United States,Medicare,American Indian / Alaska Native,2018,Number,311699,NA
US,United States,Medicare,American Indian / Alaska Native,2018,Percent,0.14735,0.00548
US,United States,Private,American Indian / Alaska Native,2018,Percent,0.38531,0.00991
US,United States,Private,American Indian / Alaska Native,2018,Number,815065,NA
US,United States,Public,American Indian / Alaska Native,2018,Percent,0.4217,0.010382
US,United States,Public,American Indian / Alaska Native,2018,Number,892042,NA
US,United States,Uninsured,American Indian / Alaska Native,2018,Number,408260,NA
US,United States,Uninsured,American Indian / Alaska Native,2018,Percent,0.193,0.007475
US,United States,Employer,Asian,2018,Percent,0.58649,0.00406
US,United States,Employer,Asian,2018,Number,10658546,NA
US,United States,Individual,Asian,2018,Number,1956531,NA
US,United States,Individual,Asian,2018,Percent,0.10766,0.002313
US,United States,Insured,Asian,2018,Number,17045717,NA
US,United States,Insured,Asian,2018,Percent,0.93794,0.001913
US,United States,Medicaid/CHIP,Asian,2018,Percent,0.11905,0.002985
US,United States,Medicaid/CHIP,Asian,2018,Number,2163511,NA
US,United States,Medicare,Asian,2018,Percent,0.12475,0.001096
US,United States,Medicare,Asian,2018,Number,2267129,NA
US,United States,Private,Asian,2018,Percent,0.69414,0.003748
US,United States,Private,Asian,2018,Number,12615077,NA
US,United States,Public,Asian,2018,Number,4430640,NA
US,United States,Public,Asian,2018,Percent,0.2438,0.003066
US,United States,Uninsured,Asian,2018,Percent,0.06206,0.001913
US,United States,Uninsured,Asian,2018,Number,1127862,NA
US,United States,Employer,Hispanic / Latino,2018,Percent,0.41626,0.003427
US,United States,Employer,Hispanic / Latino,2018,Number,24631084,NA
US,United States,Individual,Hispanic / Latino,2018,Number,3157943,NA
US,United States,Individual,Hispanic / Latino,2018,Percent,0.05337,0.001193
US,United States,Insured,Hispanic / Latino,2018,Number,48681298,NA
US,United States,Insured,Hispanic / Latino,2018,Percent,0.82271,0.002398
US,United States,Medicaid/CHIP,Hispanic / Latino,2018,Number,15998306,NA
US,United States,Medicaid/CHIP,Hispanic / Latino,2018,Percent,0.27037,0.002552
US,United States,Medicare,Hispanic / Latino,2018,Percent,0.08271,6.63e-4
US,United States,Medicare,Hispanic / Latino,2018,Number,4893965,NA
US,United States,Private,Hispanic / Latino,2018,Percent,0.46963,0.003606
US,United States,Private,Hispanic / Latino,2018,Number,27789027,NA
US,United States,Public,Hispanic / Latino,2018,Number,20892271,NA
US,United States,Public,Hispanic / Latino,2018,Percent,0.35308,0.002475
US,United States,Uninsured,Hispanic / Latino,2018,Number,10490757,NA
US,United States,Uninsured,Hispanic / Latino,2018,Percent,0.17729,0.002398
US,United States,Employer,Native Hawaiian and Other Pacific Islander,2018,Number,302247,NA
US,United States,Employer,Native Hawaiian and Other Pacific Islander,2018,Percent,0.57007,0.025154
US,United States,Individual,Native Hawaiian and Other Pacific Islander,2018,Percent,0.04278,0.008984
US,United States,Individual,Native Hawaiian and Other Pacific Islander,2018,Number,22682,NA
US,United States,Insured,Native Hawaiian and Other Pacific Islander,2018,Percent,0.91419,0.010903
US,United States,Insured,Native Hawaiian and Other Pacific Islander,2018,Number,484699,NA
US,United States,Medicaid/CHIP,Native Hawaiian and Other Pacific Islander,2018,Number,101493,NA
US,United States,Medicaid/CHIP,Native Hawaiian and Other Pacific Islander,2018,Percent,0.19143,0.020614
US,United States,Medicare,Native Hawaiian and Other Pacific Islander,2018,Number,58277,NA
US,United States,Medicare,Native Hawaiian and Other Pacific Islander,2018,Percent,0.10992,0.010796
US,United States,Private,Native Hawaiian and Other Pacific Islander,2018,Number,324929,NA
US,United States,Private,Native Hawaiian and Other Pacific Islander,2018,Percent,0.61285,0.02546
US,United States,Public,Native Hawaiian and Other Pacific Islander,2018,Number,159770,NA
US,United States,Public,Native Hawaiian and Other Pacific Islander,2018,Percent,0.30134,0.022048
US,United States,Uninsured,Native Hawaiian and Other Pacific Islander,2018,Percent,0.08581,0.010903
US,United States,Uninsured,Native Hawaiian and Other Pacific Islander,2018,Number,45497,NA
US,United States,Employer,Other / Multiple Races,2018,Percent,0.56194,0.005602
US,United States,Employer,Other / Multiple Races,2018,Number,5055000,NA
US,United States,Individual,Other / Multiple Races,2018,Number,545123,NA
US,United States,Individual,Other / Multiple Races,2018,Percent,0.0606,0.002766
US,United States,Insured,Other / Multiple Races,2018,Percent,0.92422,0.002994
US,United States,Insured,Other / Multiple Races,2018,Number,8313966,NA
US,United States,Medicaid/CHIP,Other / Multiple Races,2018,Number,2059610,NA
US,United States,Medicaid/CHIP,Other / Multiple Races,2018,Percent,0.22896,0.005209
US,United States,Medicare,Other / Multiple Races,2018,Number,654233,NA
US,United States,Medicare,Other / Multiple Races,2018,Percent,0.07273,0.002093
US,United States,Private,Other / Multiple Races,2018,Number,5600123,NA
US,United States,Private,Other / Multiple Races,2018,Percent,0.62253,0.005452
US,United States,Public,Other / Multiple Races,2018,Number,2713843,NA
US,United States,Public,Other / Multiple Races,2018,Percent,0.30168,0.005258
US,United States,Uninsured,Other / Multiple Races,2018,Number,681723,NA
US,United States,Uninsured,Other / Multiple Races,2018,Percent,0.07578,0.002994
US,United States,Employer,White,2018,Number,108800000,NA
US,United States,Employer,White,2018,Percent,0.55806,0.001312
US,United States,Individual,White,2018,Number,12765198,NA
US,United States,Individual,White,2018,Percent,0.06547,5.93e-4
US,United States,Insured,White,2018,Percent,0.93982,6.41e-4
US,United States,Insured,White,2018,Number,183300000,NA
US,United States,Medicaid/CHIP,White,2018,Number,19078565,NA
US,United States,Medicaid/CHIP,White,2018,Percent,0.09784,8.95e-4
US,United States,Medicare,White,2018,Number,42597699,NA
US,United States,Medicare,White,2018,Percent,0.21846,3.32e-4
US,United States,Private,White,2018,Number,121600000,NA
US,United States,Private,White,2018,Percent,0.62352,0.001332
US,United States,Public,White,2018,Number,61676264,NA
US,United States,Public,White,2018,Percent,0.3163,9.63e-4
US,United States,Uninsured,White,2018,Percent,0.06018,6.41e-4
US,United States,Uninsured,White,2018,Number,11734031,NA
US,United States,Employer,African-American / Black,2019,Percent,0.4601,0.003256
US,United States,Employer,African-American / Black,2019,Number,18214523,NA
US,United States,Individual,African-American / Black,2019,Number,1613358,NA
US,United States,Individual,African-American / Black,2019,Percent,0.04075,0.001162
US,United States,Insured,African-American / Black,2019,Percent,0.89951,0.001832
US,United States,Insured,African-American / Black,2019,Number,35609811,NA
US,United States,Medicaid/CHIP,African-American / Black,2019,Percent,0.2477,0.002884
US,United States,Medicaid/CHIP,African-American / Black,2019,Number,9805846,NA
US,United States,Medicare,African-American / Black,2019,Number,5976084,NA
US,United States,Medicare,African-American / Black,2019,Percent,0.15096,0.001154
US,United States,Private,African-American / Black,2019,Percent,0.50086,0.003296
US,United States,Private,African-American / Black,2019,Number,19827881,NA
US,United States,Public,African-American / Black,2019,Number,15781930,NA
US,United States,Public,African-American / Black,2019,Percent,0.39865,0.002869
US,United States,Uninsured,African-American / Black,2019,Percent,0.10049,0.001832
US,United States,Uninsured,African-American / Black,2019,Number,3978209,NA
US,United States,Employer,American Indian / Alaska Native,2019,Percent,0.36154,0.010793
US,United States,Employer,American Indian / Alaska Native,2019,Number,780877,NA
US,United States,Individual,American Indian / Alaska Native,2019,Percent,0.0338,0.004094
US,United States,Individual,American Indian / Alaska Native,2019,Number,73009,NA
US,United States,Insured,American Indian / Alaska Native,2019,Number,1748928,NA
US,United States,Insured,American Indian / Alaska Native,2019,Percent,0.80975,0.008564
US,United States,Medicaid/CHIP,American Indian / Alaska Native,2019,Percent,0.26302,0.010125
US,United States,Medicaid/CHIP,American Indian / Alaska Native,2019,Number,568081,NA
US,United States,Medicare,American Indian / Alaska Native,2019,Number,326961,NA
US,United States,Medicare,American Indian / Alaska Native,2019,Percent,0.15138,0.005028
US,United States,Private,American Indian / Alaska Native,2019,Number,853886,NA
US,United States,Private,American Indian / Alaska Native,2019,Percent,0.39535,0.011238
US,United States,Public,American Indian / Alaska Native,2019,Percent,0.4144,0.011523
US,United States,Public,American Indian / Alaska Native,2019,Number,895042,NA
US,United States,Uninsured,American Indian / Alaska Native,2019,Percent,0.19025,0.008564
US,United States,Uninsured,American Indian / Alaska Native,2019,Number,410910,NA
US,United States,Employer,Asian,2019,Number,10793412,NA
US,United States,Employer,Asian,2019,Percent,0.58843,0.004423
US,United States,Individual,Asian,2019,Number,1921944,NA
US,United States,Individual,Asian,2019,Percent,0.10478,0.002664
US,United States,Insured,Asian,2019,Percent,0.93442,0.002276
US,United States,Insured,Asian,2019,Number,17139994,NA
US,United States,Medicaid/CHIP,Asian,2019,Number,2027176,NA
US,United States,Medicaid/CHIP,Asian,2019,Percent,0.11052,0.002954
US,United States,Medicare,Asian,2019,Number,2397462,NA
US,United States,Medicare,Asian,2019,Percent,0.1307,0.001307
US,United States,Private,Asian,2019,Number,12715356,NA
US,United States,Private,Asian,2019,Percent,0.6932,0.003793
US,United States,Public,Asian,2019,Percent,0.24122,0.003096
US,United States,Public,Asian,2019,Number,4424638,NA
US,United States,Uninsured,Asian,2019,Number,1202859,NA
US,United States,Uninsured,Asian,2019,Percent,0.06558,0.002276
US,United States,Employer,Hispanic / Latino,2019,Percent,0.42512,0.003242
US,United States,Employer,Hispanic / Latino,2019,Number,25464017,NA
US,United States,Individual,Hispanic / Latino,2019,Number,3070498,NA
US,United States,Individual,Hispanic / Latino,2019,Percent,0.05126,0.001125
US,United States,Insured,Hispanic / Latino,2019,Number,48783591,NA
US,United States,Insured,Hispanic / Latino,2019,Percent,0.81444,0.002358
US,United States,Medicaid/CHIP,Hispanic / Latino,2019,Number,15107839,NA
US,United States,Medicaid/CHIP,Hispanic / Latino,2019,Percent,0.25223,0.002524
US,United States,Medicare,Hispanic / Latino,2019,Percent,0.08583,6.87e-4
US,United States,Medicare,Hispanic / Latino,2019,Number,5141237,NA
US,United States,Private,Hispanic / Latino,2019,Percent,0.47638,0.003551
US,United States,Private,Hispanic / Latino,2019,Number,28534515,NA
US,United States,Public,Hispanic / Latino,2019,Number,20249076,NA
US,United States,Public,Hispanic / Latino,2019,Percent,0.33806,0.002394
US,United States,Uninsured,Hispanic / Latino,2019,Percent,0.18556,0.002358
US,United States,Uninsured,Hispanic / Latino,2019,Number,11114505,NA
US,United States,Employer,Native Hawaiian and Other Pacific Islander,2019,Number,293176,NA
US,United States,Employer,Native Hawaiian and Other Pacific Islander,2019,Percent,0.54136,0.027704
US,United States,Individual,Native Hawaiian and Other Pacific Islander,2019,Percent,0.03783,0.007612
US,United States,Individual,Native Hawaiian and Other Pacific Islander,2019,Number,20487,NA
US,United States,Insured,Native Hawaiian and Other Pacific Islander,2019,Percent,0.88596,0.01433
US,United States,Insured,Native Hawaiian and Other Pacific Islander,2019,Number,479793,NA
US,United States,Medicaid/CHIP,Native Hawaiian and Other Pacific Islander,2019,Number,108709,NA
US,United States,Medicaid/CHIP,Native Hawaiian and Other Pacific Islander,2019,Percent,0.20074,0.023148
US,United States,Medicare,Native Hawaiian and Other Pacific Islander,2019,Percent,0.10603,0.009999
US,United States,Medicare,Native Hawaiian and Other Pacific Islander,2019,Number,57421,NA
US,United States,Private,Native Hawaiian and Other Pacific Islander,2019,Number,313663,NA
US,United States,Private,Native Hawaiian and Other Pacific Islander,2019,Percent,0.57919,0.028623
US,United States,Public,Native Hawaiian and Other Pacific Islander,2019,Percent,0.30677,0.024682
US,United States,Public,Native Hawaiian and Other Pacific Islander,2019,Number,166130,NA
US,United States,Uninsured,Native Hawaiian and Other Pacific Islander,2019,Percent,0.11404,0.01433
US,United States,Uninsured,Native Hawaiian and Other Pacific Islander,2019,Number,61758,NA
US,United States,Employer,Other / Multiple Races,2019,Number,5200366,NA
US,United States,Employer,Other / Multiple Races,2019,Percent,0.57351,0.006357
US,United States,Individual,Other / Multiple Races,2019,Percent,0.05488,0.002573
US,United States,Individual,Other / Multiple Races,2019,Number,497605,NA
US,United States,Insured,Other / Multiple Races,2019,Percent,0.92225,0.002638
US,United States,Insured,Other / Multiple Races,2019,Number,8362553,NA
US,United States,Medicaid/CHIP,Other / Multiple Races,2019,Percent,0.22368,0.005553
US,United States,Medicaid/CHIP,Other / Multiple Races,2019,Number,2028222,NA
US,United States,Medicare,Other / Multiple Races,2019,Number,636360,NA
US,United States,Medicare,Other / Multiple Races,2019,Percent,0.07018,0.002016
US,United States,Private,Other / Multiple Races,2019,Number,5697971,NA
US,United States,Private,Other / Multiple Races,2019,Percent,0.62839,0.006503
US,United States,Public,Other / Multiple Races,2019,Number,2664582,NA
US,United States,Public,Other / Multiple Races,2019,Percent,0.29386,0.005612
US,United States,Uninsured,Other / Multiple Races,2019,Number,704988,NA
US,United States,Uninsured,Other / Multiple Races,2019,Percent,0.07775,0.002638
US,United States,Employer,White,2019,Percent,0.55528,0.001592
US,United States,Employer,White,2019,Number,108200000,NA
US,United States,Individual,White,2019,Percent,0.06235,5.14e-4
US,United States,Individual,White,2019,Number,12143331,NA
US,United States,Insured,White,2019,Percent,0.93771,7.67e-4
US,United States,Insured,White,2019,Number,182600000,NA
US,United States,Medicaid/CHIP,White,2019,Number,18772293,NA
US,United States,Medicaid/CHIP,White,2019,Percent,0.09638,0.001026
US,United States,Medicare,White,2019,Percent,0.22371,3.58e-4
US,United States,Medicare,White,2019,Number,43573272,NA
US,United States,Private,White,2019,Number,120300000,NA
US,United States,Private,White,2019,Percent,0.61762,0.001609
US,United States,Public,White,2019,Percent,0.32009,0.001176
US,United States,Public,White,2019,Number,62345565,NA
US,United States,Uninsured,White,2019,Number,12131487,NA
US,United States,Uninsured,White,2019,Percent,0.06229,7.67e-4
US,United States,Employer,African-American / Black,2021,Percent,0.44929,0.002789
US,United States,Employer,African-American / Black,2021,Number,17180941,NA
US,United States,Individual,African-American / Black,2021,Percent,0.04706,0.001336
US,United States,Individual,African-American / Black,2021,Number,1799684,NA
US,United States,Insured,African-American / Black,2021,Percent,0.90433,0.001362
US,United States,Insured,African-American / Black,2021,Number,34581683,NA
US,United States,Medicaid/CHIP,African-American / Black,2021,Number,9702264,NA
US,United States,Medicaid/CHIP,African-American / Black,2021,Percent,0.25372,0.002439
US,United States,Medicare,African-American / Black,2021,Number,5898794,NA
US,United States,Medicare,African-American / Black,2021,Percent,0.15426,0.001066
US,United States,Private,African-American / Black,2021,Percent,0.49635,0.002678
US,United States,Private,African-American / Black,2021,Number,18980625,NA
US,United States,Public,African-American / Black,2021,Percent,0.40797,0.002504
US,United States,Public,African-American / Black,2021,Number,15601058,NA
US,United States,Uninsured,African-American / Black,2021,Percent,0.09567,0.001362
US,United States,Uninsured,African-American / Black,2021,Number,3658628,NA
US,United States,Employer,American Indian / Alaska Native,2021,Percent,0.34988,0.010583
US,United States,Employer,American Indian / Alaska Native,2021,Number,598601,NA
US,United States,Individual,American Indian / Alaska Native,2021,Percent,0.03136,0.003656
US,United States,Individual,American Indian / Alaska Native,2021,Number,53646,NA
US,United States,Insured,American Indian / Alaska Native,2021,Percent,0.81458,0.008618
US,United States,Insured,American Indian / Alaska Native,2021,Number,1393626,NA
US,United States,Medicaid/CHIP,American Indian / Alaska Native,2021,Number,491372,NA
US,United States,Medicaid/CHIP,American Indian / Alaska Native,2021,Percent,0.28721,0.009843
US,United States,Medicare,American Indian / Alaska Native,2021,Percent,0.14613,0.005024
US,United States,Medicare,American Indian / Alaska Native,2021,Number,250007,NA
US,United States,Private,American Indian / Alaska Native,2021,Number,652247,NA
US,United States,Private,American Indian / Alaska Native,2021,Percent,0.38124,0.010735
US,United States,Public,American Indian / Alaska Native,2021,Number,741379,NA
US,United States,Public,American Indian / Alaska Native,2021,Percent,0.43334,0.011098
US,United States,Uninsured,American Indian / Alaska Native,2021,Number,317228,NA
US,United States,Uninsured,American Indian / Alaska Native,2021,Percent,0.18542,0.008618
US,United States,Employer,Asian,2021,Percent,0.58516,0.004058
US,United States,Employer,Asian,2021,Number,11040675,NA
US,United States,Individual,Asian,2021,Number,1861083,NA
US,United States,Individual,Asian,2021,Percent,0.09864,0.002344
US,United States,Insured,Asian,2021,Number,17779377,NA
US,United States,Insured,Asian,2021,Percent,0.94232,0.001896
US,United States,Medicaid/CHIP,Asian,2021,Percent,0.1226,0.002979
US,United States,Medicaid/CHIP,Asian,2021,Number,2313256,NA
US,United States,Medicare,Asian,2021,Number,2564363,NA
US,United States,Medicare,Asian,2021,Percent,0.13591,0.00117
US,United States,Private,Asian,2021,Percent,0.6838,0.003567
US,United States,Private,Asian,2021,Number,12901758,NA
US,United States,Public,Asian,2021,Percent,0.25852,0.003136
US,United States,Public,Asian,2021,Number,4877619,NA
US,United States,Uninsured,Asian,2021,Percent,0.05768,0.001896
US,United States,Uninsured,Asian,2021,Number,1088319,NA
US,United States,Employer,Hispanic / Latino,2021,Percent,0.41806,0.003178
US,United States,Employer,Hispanic / Latino,2021,Number,25929368,NA
US,United States,Individual,Hispanic / Latino,2021,Number,3595243,NA
US,United States,Individual,Hispanic / Latino,2021,Percent,0.05797,0.001194
US,United States,Insured,Hispanic / Latino,2021,Percent,0.82351,0.002276
US,United States,Insured,Hispanic / Latino,2021,Number,51076492,NA
US,United States,Medicaid/CHIP,Hispanic / Latino,2021,Number,16044837,NA
US,United States,Medicaid/CHIP,Hispanic / Latino,2021,Percent,0.25869,0.002337
US,United States,Medicare,Hispanic / Latino,2021,Percent,0.08879,5.75e-4
US,United States,Medicare,Hispanic / Latino,2021,Number,5507044,NA
US,United States,Private,Hispanic / Latino,2021,Number,29524611,NA
US,United States,Private,Hispanic / Latino,2021,Percent,0.47603,0.003122
US,United States,Public,Hispanic / Latino,2021,Number,21551881,NA
US,United States,Public,Hispanic / Latino,2021,Percent,0.34748,0.002311
US,United States,Uninsured,Hispanic / Latino,2021,Percent,0.17649,0.002276
US,United States,Uninsured,Hispanic / Latino,2021,Number,10946284,NA
US,United States,Employer,Native Hawaiian and Other Pacific Islander,2021,Percent,0.52617,0.023549
US,United States,Employer,Native Hawaiian and Other Pacific Islander,2021,Number,292784,NA
US,United States,Individual,Native Hawaiian and Other Pacific Islander,2021,Number,25015,NA
US,United States,Individual,Native Hawaiian and Other Pacific Islander,2021,Percent,0.04496,0.008736
US,United States,Insured,Native Hawaiian and Other Pacific Islander,2021,Number,503133,NA
US,United States,Insured,Native Hawaiian and Other Pacific Islander,2021,Percent,0.90419,0.015855
US,United States,Medicaid/CHIP,Native Hawaiian and Other Pacific Islander,2021,Percent,0.21283,0.017372
US,United States,Medicaid/CHIP,Native Hawaiian and Other Pacific Islander,2021,Number,118427,NA
US,United States,Medicare,Native Hawaiian and Other Pacific Islander,2021,Percent,0.12024,0.012461
US,United States,Medicare,Native Hawaiian and Other Pacific Islander,2021,Number,66907,NA
US,United States,Private,Native Hawaiian and Other Pacific Islander,2021,Percent,0.57112,0.022931
US,United States,Private,Native Hawaiian and Other Pacific Islander,2021,Number,317799,NA
US,United States,Public,Native Hawaiian and Other Pacific Islander,2021,Percent,0.33307,0.019845
US,United States,Public,Native Hawaiian and Other Pacific Islander,2021,Number,185334,NA
US,United States,Uninsured,Native Hawaiian and Other Pacific Islander,2021,Percent,0.09581,0.015855
US,United States,Uninsured,Native Hawaiian and Other Pacific Islander,2021,Number,53311,NA
US,United States,Employer,Other / Multiple Races,2021,Percent,0.56059,0.00532
US,United States,Employer,Other / Multiple Races,2021,Number,8974638,NA
US,United States,Individual,Other / Multiple Races,2021,Percent,0.06012,0.002016
US,United States,Individual,Other / Multiple Races,2021,Number,962463,NA
US,United States,Insured,Other / Multiple Races,2021,Number,14791123,NA
US,United States,Insured,Other / Multiple Races,2021,Percent,0.92391,0.002476
US,United States,Medicaid/CHIP,Other / Multiple Races,2021,Percent,0.20217,0.004021
US,United States,Medicaid/CHIP,Other / Multiple Races,2021,Number,3236619,NA
US,United States,Medicare,Other / Multiple Races,2021,Number,1617403,NA
US,United States,Medicare,Other / Multiple Races,2021,Percent,0.10103,0.001792
US,United States,Private,Other / Multiple Races,2021,Percent,0.62071,0.005105
US,United States,Private,Other / Multiple Races,2021,Number,9937101,NA
US,United States,Public,Other / Multiple Races,2021,Number,4854022,NA
US,United States,Public,Other / Multiple Races,2021,Percent,0.3032,0.004024
US,United States,Uninsured,Other / Multiple Races,2021,Percent,0.07609,0.002476
US,United States,Uninsured,Other / Multiple Races,2021,Number,1218210,NA
US,United States,Employer,White,2021,Number,104996414,NA
US,United States,Employer,White,2021,Percent,0.5501,0.001161
US,United States,Individual,White,2021,Percent,0.06364,5.78e-4
US,United States,Individual,White,2021,Number,12146879,NA
US,United States,Insured,White,2021,Percent,0.94303,6.26e-4
US,United States,Insured,White,2021,Number,179993511,NA
US,United States,Medicaid/CHIP,White,2021,Percent,0.10201,8.23e-4
US,United States,Medicaid/CHIP,White,2021,Number,19470187,NA
US,United States,Medicare,White,2021,Percent,0.22728,3.16e-4
US,United States,Medicare,White,2021,Number,43380031,NA
US,United States,Private,White,2021,Percent,0.61374,0.00117
US,United States,Private,White,2021,Number,117143293,NA
US,United States,Public,White,2021,Number,62850218,NA
US,United States,Public,White,2021,Percent,0.32929,8.89e-4
US,United States,Uninsured,White,2021,Percent,0.05697,6.26e-4
US,United States,Uninsured,White,2021,Number,10873341,NA
US,United States,Employer,African-American / Black,2022,Percent,0.45203,0.002819
US,United States,Employer,African-American / Black,2022,Number,17464033,NA
US,United States,Individual,African-American / Black,2022,Number,1831982,NA
US,United States,Individual,African-American / Black,2022,Percent,0.04742,0.001417
US,United States,Insured,African-American / Black,2022,Percent,0.91307,0.001651
US,United States,Insured,African-American / Black,2022,Number,35276007,NA
US,United States,Medicaid/CHIP,African-American / Black,2022,Number,9924387,NA
US,United States,Medicaid/CHIP,African-American / Black,2022,Percent,0.25688,0.002929
US,United States,Medicare,African-American / Black,2022,Percent,0.15674,9.73e-4
US,United States,Medicare,African-American / Black,2022,Number,6055605,NA
US,United States,Private,African-American / Black,2022,Number,19296015,NA
US,United States,Private,African-American / Black,2022,Percent,0.49945,0.003117
US,United States,Public,African-American / Black,2022,Percent,0.41362,0.00291
US,United States,Public,African-American / Black,2022,Number,15979992,NA
US,United States,Uninsured,African-American / Black,2022,Number,3358678,NA
US,United States,Uninsured,African-American / Black,2022,Percent,0.08693,0.001651
US,United States,Employer,American Indian / Alaska Native,2022,Percent,0.3426,0.009986
US,United States,Employer,American Indian / Alaska Native,2022,Number,580348,NA
US,United States,Individual,American Indian / Alaska Native,2022,Number,60781,NA
US,United States,Individual,American Indian / Alaska Native,2022,Percent,0.03588,0.004196
US,United States,Insured,American Indian / Alaska Native,2022,Percent,0.83227,0.007885
US,United States,Insured,American Indian / Alaska Native,2022,Number,1409822,NA
US,United States,Medicaid/CHIP,American Indian / Alaska Native,2022,Percent,0.30012,0.009711
US,United States,Medicaid/CHIP,American Indian / Alaska Native,2022,Number,508383,NA
US,United States,Medicare,American Indian / Alaska Native,2022,Number,260310,NA
US,United States,Medicare,American Indian / Alaska Native,2022,Percent,0.15367,0.004708
US,United States,Private,American Indian / Alaska Native,2022,Number,641129,NA
US,United States,Private,American Indian / Alaska Native,2022,Percent,0.37848,0.011355
US,United States,Public,American Indian / Alaska Native,2022,Percent,0.45379,0.010763
US,United States,Public,American Indian / Alaska Native,2022,Number,768693,NA
US,United States,Uninsured,American Indian / Alaska Native,2022,Percent,0.16773,0.007885
US,United States,Uninsured,American Indian / Alaska Native,2022,Number,284123,NA
US,United States,Employer,Asian,2022,Percent,0.58546,0.003557
US,United States,Employer,Asian,2022,Number,11334473,NA
US,United States,Individual,Asian,2022,Percent,0.09995,0.002199
US,United States,Individual,Asian,2022,Number,1935089,NA
US,United States,Insured,Asian,2022,Number,18317582,NA
US,United States,Insured,Asian,2022,Percent,0.94615,0.001737
US,United States,Medicaid/CHIP,Asian,2022,Number,2358051,NA
US,United States,Medicaid/CHIP,Asian,2022,Percent,0.1218,0.002745
US,United States,Medicare,Asian,2022,Percent,0.13894,0.001185
US,United States,Medicare,Asian,2022,Number,2689969,NA
US,United States,Private,Asian,2022,Percent,0.68541,0.003349
US,United States,Private,Asian,2022,Number,13269562,NA
US,United States,Public,Asian,2022,Number,5048020,NA
US,United States,Public,Asian,2022,Percent,0.26074,0.002993
US,United States,Uninsured,Asian,2022,Percent,0.05385,0.001737
US,United States,Uninsured,Asian,2022,Number,1042528,NA
US,United States,Employer,Hispanic / Latino,2022,Percent,0.42634,0.003233
US,United States,Employer,Hispanic / Latino,2022,Number,26880481,NA
US,United States,Individual,Hispanic / Latino,2022,Percent,0.06094,0.001062
US,United States,Individual,Hispanic / Latino,2022,Number,3842004,NA
US,United States,Insured,Hispanic / Latino,2022,Number,52559609,NA
US,United States,Insured,Hispanic / Latino,2022,Percent,0.83362,0.001927
US,United States,Medicaid/CHIP,Hispanic / Latino,2022,Percent,0.25691,0.002342
US,United States,Medicaid/CHIP,Hispanic / Latino,2022,Number,16198212,NA
US,United States,Medicare,Hispanic / Latino,2022,Number,5638912,NA
US,United States,Medicare,Hispanic / Latino,2022,Percent,0.08944,5.89e-4
US,United States,Private,Hispanic / Latino,2022,Percent,0.48727,0.003334
US,United States,Private,Hispanic / Latino,2022,Number,30722485,NA
US,United States,Public,Hispanic / Latino,2022,Percent,0.34635,0.00242
US,United States,Public,Hispanic / Latino,2022,Number,21837124,NA
US,United States,Uninsured,Hispanic / Latino,2022,Percent,0.16638,0.001927
US,United States,Uninsured,Hispanic / Latino,2022,Number,10490054,NA
US,United States,Employer,Native Hawaiian and Other Pacific Islander,2022,Percent,0.50875,0.02467
US,United States,Employer,Native Hawaiian and Other Pacific Islander,2022,Number,287505,NA
US,United States,Individual,Native Hawaiian and Other Pacific Islander,2022,Number,21622,NA
US,United States,Individual,Native Hawaiian and Other Pacific Islander,2022,Percent,0.03826,0.007103
US,United States,Insured,Native Hawaiian and Other Pacific Islander,2022,Percent,0.88644,0.016304
US,United States,Insured,Native Hawaiian and Other Pacific Islander,2022,Number,500944,NA
US,United States,Medicaid/CHIP,Native Hawaiian and Other Pacific Islander,2022,Percent,0.23225,0.020546
US,United States,Medicaid/CHIP,Native Hawaiian and Other Pacific Islander,2022,Number,131251,NA
US,United States,Medicare,Native Hawaiian and Other Pacific Islander,2022,Number,60566,NA
US,United States,Medicare,Native Hawaiian and Other Pacific Islander,2022,Percent,0.10717,0.009061
US,United States,Private,Native Hawaiian and Other Pacific Islander,2022,Percent,0.54701,0.025269
US,United States,Private,Native Hawaiian and Other Pacific Islander,2022,Number,309127,NA
US,United States,Public,Native Hawaiian and Other Pacific Islander,2022,Percent,0.33943,0.022542
US,United States,Public,Native Hawaiian and Other Pacific Islander,2022,Number,191817,NA
US,United States,Uninsured,Native Hawaiian and Other Pacific Islander,2022,Number,64176,NA
US,United States,Uninsured,Native Hawaiian and Other Pacific Islander,2022,Percent,0.11356,0.016303
US,United States,Employer,Other / Multiple Races,2022,Number,9090452,NA
US,United States,Employer,Other / Multiple Races,2022,Percent,0.5631,0.003779
US,United States,Individual,Other / Multiple Races,2022,Percent,0.06214,0.001585
US,United States,Individual,Other / Multiple Races,2022,Number,1003122,NA
US,United States,Insured,Other / Multiple Races,2022,Percent,0.92789,0.002323
US,United States,Insured,Other / Multiple Races,2022,Number,14979430,NA
US,United States,Medicaid/CHIP,Other / Multiple Races,2022,Number,3231235,NA
US,United States,Medicaid/CHIP,Other / Multiple Races,2022,Percent,0.20016,0.003269
US,United States,Medicare,Other / Multiple Races,2022,Percent,0.10249,0.001696
US,United States,Medicare,Other / Multiple Races,2022,Number,1654621,NA
US,United States,Private,Other / Multiple Races,2022,Number,10093574,NA
US,United States,Private,Other / Multiple Races,2022,Percent,0.62524,0.003997
US,United States,Public,Other / Multiple Races,2022,Percent,0.30265,0.003131
US,United States,Public,Other / Multiple Races,2022,Number,4885856,NA
US,United States,Uninsured,Other / Multiple Races,2022,Number,1164184,NA
US,United States,Uninsured,Other / Multiple Races,2022,Percent,0.07211,0.002323
US,United States,Employer,White,2022,Number,104531526,NA
US,United States,Employer,White,2022,Percent,0.5495,0.001386
US,United States,Individual,White,2022,Percent,0.06477,5.52e-4
US,United States,Individual,White,2022,Number,12320972,NA
US,United States,Insured,White,2022,Number,180335921,NA
US,United States,Insured,White,2022,Percent,0.94798,6.01e-4
US,United States,Medicaid/CHIP,White,2022,Percent,0.10144,9.31e-4
US,United States,Medicaid/CHIP,White,2022,Number,19297488,NA
US,United States,Medicare,White,2022,Number,44185935,NA
US,United States,Medicare,White,2022,Percent,0.23227,3.11e-4
US,United States,Private,White,2022,Number,116852498,NA
US,United States,Private,White,2022,Percent,0.61426,0.001358
US,United States,Public,White,2022,Number,63483423,NA
US,United States,Public,White,2022,Percent,0.33372,0.00104
US,United States,Uninsured,White,2022,Number,9895725,NA
US,United States,Uninsured,White,2022,Percent,0.05202,6.01e-4
US,United States,Employer,African-American / Black,2023,Percent,0.4555,0.003261
US,United States,Employer,African-American / Black,2023,Number,17599758,NA
US,United States,Individual,African-American / Black,2023,Number,1864210,NA
US,United States,Individual,African-American / Black,2023,Percent,0.04825,0.001515
US,United States,Insured,African-American / Black,2023,Percent,0.91522,0.001403
US,United States,Insured,African-American / Black,2023,Number,35362781,NA
US,United States,Medicaid/CHIP,African-American / Black,2023,Number,9677281,NA
US,United States,Medicaid/CHIP,African-American / Black,2023,Percent,0.25046,0.002983
US,United States,Medicare,African-American / Black,2023,Percent,0.16102,0.001376
US,United States,Medicare,African-American / Black,2023,Number,6221532,NA
US,United States,Private,African-American / Black,2023,Number,19463968,NA
US,United States,Private,African-American / Black,2023,Percent,0.50375,0.003365
US,United States,Public,African-American / Black,2023,Percent,0.41148,0.003146
US,United States,Public,African-American / Black,2023,Number,15898813,NA
US,United States,Uninsured,African-American / Black,2023,Number,3275587,NA
US,United States,Uninsured,African-American / Black,2023,Percent,0.08478,0.001403
US,United States,Employer,American Indian / Alaska Native,2023,Percent,0.3521,0.009459
US,United States,Employer,American Indian / Alaska Native,2023,Number,594083,NA
US,United States,Individual,American Indian / Alaska Native,2023,Number,55418,NA
US,United States,Individual,American Indian / Alaska Native,2023,Percent,0.03284,0.003456
US,United States,Insured,American Indian / Alaska Native,2023,Percent,0.83631,0.0074400000000000004
US,United States,Insured,American Indian / Alaska Native,2023,Number,1411079,NA
US,United States,Medicaid/CHIP,American Indian / Alaska Native,2023,Percent,0.2957,0.009288
US,United States,Medicaid/CHIP,American Indian / Alaska Native,2023,Number,498917,NA
US,United States,Medicare,American Indian / Alaska Native,2023,Number,262661,NA
US,United States,Medicare,American Indian / Alaska Native,2023,Percent,0.15567,0.005302
US,United States,Private,American Indian / Alaska Native,2023,Percent,0.38494,0.009521
US,United States,Private,American Indian / Alaska Native,2023,Number,649501,NA
US,United States,Public,American Indian / Alaska Native,2023,Number,761578,NA
US,United States,Public,American Indian / Alaska Native,2023,Percent,0.45137,0.010159
US,United States,Uninsured,American Indian / Alaska Native,2023,Percent,0.16369,0.0074400000000000004
US,United States,Uninsured,American Indian / Alaska Native,2023,Number,276181,NA
US,United States,Employer,Asian,2023,Percent,0.58803,0.003713
US,United States,Employer,Asian,2023,Number,11592279,NA
US,United States,Individual,Asian,2023,Percent,0.09738,0.002102
US,United States,Individual,Asian,2023,Number,1919708,NA
US,United States,Insured,Asian,2023,Number,18686898,NA
US,United States,Insured,Asian,2023,Percent,0.94792,0.001891
US,United States,Medicaid/CHIP,Asian,2023,Percent,0.12024,0.002818
US,United States,Medicaid/CHIP,Asian,2023,Number,2370392,NA
US,United States,Medicare,Asian,2023,Number,2804519,NA
US,United States,Medicare,Asian,2023,Percent,0.14226,0.001196
US,United States,Private,Asian,2023,Percent,0.68541,0.003451
US,United States,Private,Asian,2023,Number,13511987,NA
US,United States,Public,Asian,2023,Number,5174911,NA
US,United States,Public,Asian,2023,Percent,0.2625,0.003165
US,United States,Uninsured,Asian,2023,Number,1026780,NA
US,United States,Uninsured,Asian,2023,Percent,0.05208,0.001891
US,United States,Employer,Hispanic / Latino,2023,Percent,0.42488,0.003225
US,United States,Employer,Hispanic / Latino,2023,Number,27461215,NA
US,United States,Individual,Hispanic / Latino,2023,Percent,0.06235,0.00107
US,United States,Individual,Hispanic / Latino,2023,Number,4030083,NA
US,United States,Insured,Hispanic / Latino,2023,Number,53975995,NA
US,United States,Insured,Hispanic / Latino,2023,Percent,0.83512,0.002194
US,United States,Medicaid/CHIP,Hispanic / Latino,2023,Percent,0.25608,0.002278
US,United States,Medicaid/CHIP,Hispanic / Latino,2023,Number,16551331,NA
US,United States,Medicare,Hispanic / Latino,2023,Percent,0.0918,6.6e-4
US,United States,Medicare,Hispanic / Latino,2023,Number,5933366,NA
US,United States,Private,Hispanic / Latino,2023,Percent,0.48724,0.003375
US,United States,Private,Hispanic / Latino,2023,Number,31491298,NA
US,United States,Public,Hispanic / Latino,2023,Percent,0.34789,0.002211
US,United States,Public,Hispanic / Latino,2023,Number,22484697,NA
US,United States,Uninsured,Hispanic / Latino,2023,Percent,0.16488,0.002194
US,United States,Uninsured,Hispanic / Latino,2023,Number,10656530,NA
US,United States,Employer,Native Hawaiian and Other Pacific Islander,2023,Percent,0.51004,0.025903
US,United States,Employer,Native Hawaiian and Other Pacific Islander,2023,Number,290220,NA
US,United States,Individual,Native Hawaiian and Other Pacific Islander,2023,Number,30428,NA
US,United States,Individual,Native Hawaiian and Other Pacific Islander,2023,Percent,0.05348,0.017739
US,United States,Insured,Native Hawaiian and Other Pacific Islander,2023,Percent,0.88267,0.016014
US,United States,Insured,Native Hawaiian and Other Pacific Islander,2023,Number,502247,NA
US,United States,Medicaid/CHIP,Native Hawaiian and Other Pacific Islander,2023,Percent,0.21155,0.021341
US,United States,Medicaid/CHIP,Native Hawaiian and Other Pacific Islander,2023,Number,120377,NA
US,United States,Medicare,Native Hawaiian and Other Pacific Islander,2023,Number,61222,NA
US,United States,Medicare,Native Hawaiian and Other Pacific Islander,2023,Percent,0.10759,0.010735
US,United States,Private,Native Hawaiian and Other Pacific Islander,2023,Percent,0.56352,0.027998
US,United States,Private,Native Hawaiian and Other Pacific Islander,2023,Number,320648,NA
US,United States,Public,Native Hawaiian and Other Pacific Islander,2023,Number,181599,NA
US,United States,Public,Native Hawaiian and Other Pacific Islander,2023,Percent,0.31915,0.023754
US,United States,Uninsured,Native Hawaiian and Other Pacific Islander,2023,Number,66764,NA
US,United States,Uninsured,Native Hawaiian and Other Pacific Islander,2023,Percent,0.11733,0.016014
US,United States,Employer,Other / Multiple Races,2023,Number,9423262,NA
US,United States,Employer,Other / Multiple Races,2023,Percent,0.56783,0.004637
US,United States,Individual,Other / Multiple Races,2023,Number,1028173,NA
US,United States,Individual,Other / Multiple Races,2023,Percent,0.06196,0.001808
US,United States,Insured,Other / Multiple Races,2023,Number,15476610,NA
US,United States,Insured,Other / Multiple Races,2023,Percent,0.9326,0.001821
US,United States,Medicaid/CHIP,Other / Multiple Races,2023,Number,3358178,NA
US,United States,Medicaid/CHIP,Other / Multiple Races,2023,Percent,0.20236,0.004314
US,United States,Medicare,Other / Multiple Races,2023,Percent,0.10045,0.001345
US,United States,Medicare,Other / Multiple Races,2023,Number,1666997,NA
US,United States,Private,Other / Multiple Races,2023,Number,10451435,NA
US,United States,Private,Other / Multiple Races,2023,Percent,0.62979,0.004495
US,United States,Public,Other / Multiple Races,2023,Percent,0.30281,0.004316
US,United States,Public,Other / Multiple Races,2023,Number,5025175,NA
US,United States,Uninsured,Other / Multiple Races,2023,Number,1118466,NA
US,United States,Uninsured,Other / Multiple Races,2023,Percent,0.0674,0.001821
US,United States,Employer,White,2023,Number,103683181,NA
US,United States,Employer,White,2023,Percent,0.54723,0.001468
US,United States,Individual,White,2023,Number,12098314,NA
US,United States,Individual,White,2023,Percent,0.06385,5.63e-4
US,United States,Insured,White,2023,Percent,0.94911,6.05e-4
US,United States,Insured,White,2023,Number,179826777,NA
US,United States,Medicaid/CHIP,White,2023,Percent,0.10232,0.001035
US,United States,Medicaid/CHIP,White,2023,Number,19386340,NA
US,United States,Medicare,White,2023,Percent,0.23571,2.86e-4
US,United States,Medicare,White,2023,Number,44658942,NA
US,United States,Private,White,2023,Number,115781495,NA
US,United States,Private,White,2023,Percent,0.61108,0.001397
US,United States,Public,White,2023,Number,64045282,NA
US,United States,Public,White,2023,Percent,0.33803,0.001105
US,United States,Uninsured,White,2023,Percent,0.05089,6.05e-4
US,United States,Uninsured,White,2023,Number,9642123,NA
US,United States,Employer,African-American / Black,2024,Number,17824192,NA
US,United States,Employer,African-American / Black,2024,Percent,0.45704,0.003296
US,United States,Individual,African-American / Black,2024,Percent,0.0515,0.001402
US,United States,Individual,African-American / Black,2024,Number,2008596,NA
US,United States,Insured,African-American / Black,2024,Number,35574190,NA
US,United States,Insured,African-American / Black,2024,Percent,0.91218,0.001946
US,United States,Medicaid/CHIP,African-American / Black,2024,Number,9402445,NA
US,United States,Medicaid/CHIP,African-American / Black,2024,Percent,0.24109,0.003178
US,United States,Medicare,African-American / Black,2024,Number,6338957,NA
US,United States,Medicare,African-American / Black,2024,Percent,0.16254,0.001284
US,United States,Private,African-American / Black,2024,Percent,0.50855,0.003162
US,United States,Private,African-American / Black,2024,Number,19832788,NA
US,United States,Public,African-American / Black,2024,Number,15741402,NA
US,United States,Public,African-American / Black,2024,Percent,0.40364,0.003065
US,United States,Uninsured,African-American / Black,2024,Number,3424792,NA
US,United States,Uninsured,African-American / Black,2024,Percent,0.08782,0.001946
US,United States,Employer,American Indian / Alaska Native,2024,Percent,0.35913,0.010571
US,United States,Employer,American Indian / Alaska Native,2024,Number,619768,NA
US,United States,Individual,American Indian / Alaska Native,2024,Percent,0.0351,0.003558
US,United States,Individual,American Indian / Alaska Native,2024,Number,60575,NA
US,United States,Insured,American Indian / Alaska Native,2024,Number,1442654,NA
US,United States,Insured,American Indian / Alaska Native,2024,Percent,0.83596,0.008569
US,United States,Medicaid/CHIP,American Indian / Alaska Native,2024,Percent,0.27802,0.009593
US,United States,Medicaid/CHIP,American Indian / Alaska Native,2024,Number,479790,NA
US,United States,Medicare,American Indian / Alaska Native,2024,Percent,0.16371,0.005077
US,United States,Medicare,American Indian / Alaska Native,2024,Number,282521,NA
US,United States,Private,American Indian / Alaska Native,2024,Number,680343,NA
US,United States,Private,American Indian / Alaska Native,2024,Percent,0.39423,0.009951
US,United States,Public,American Indian / Alaska Native,2024,Percent,0.44173,0.010586
US,United States,Public,American Indian / Alaska Native,2024,Number,762311,NA
US,United States,Uninsured,American Indian / Alaska Native,2024,Percent,0.16404,0.008569
US,United States,Uninsured,American Indian / Alaska Native,2024,Number,283091,NA
US,United States,Employer,Asian,2024,Percent,0.59273,0.003449
US,United States,Employer,Asian,2024,Number,12437221,NA
US,United States,Individual,Asian,2024,Number,2081253,NA
US,United States,Individual,Asian,2024,Percent,0.09919,0.002188
US,United States,Insured,Asian,2024,Percent,0.94887,0.001647
US,United States,Insured,Asian,2024,Number,19910084,NA
US,United States,Medicaid/CHIP,Asian,2024,Number,2423291,NA
US,United States,Medicaid/CHIP,Asian,2024,Percent,0.11549,0.002717
US,United States,Medicare,Asian,2024,Number,2968319,NA
US,United States,Medicare,Asian,2024,Percent,0.14146,0.001283
US,United States,Private,Asian,2024,Number,14518474,NA
US,United States,Private,Asian,2024,Percent,0.69192,0.002806
US,United States,Public,Asian,2024,Number,5391610,NA
US,United States,Public,Asian,2024,Percent,0.25695,0.002366
US,United States,Uninsured,Asian,2024,Number,1072883,NA
US,United States,Uninsured,Asian,2024,Percent,0.05113,0.001647
US,United States,Employer,Hispanic / Latino,2024,Percent,0.42541,0.003246
US,United States,Employer,Hispanic / Latino,2024,Number,28699499,NA
US,United States,Individual,Hispanic / Latino,2024,Percent,0.06865,0.001263
US,United States,Individual,Hispanic / Latino,2024,Number,4631616,NA
US,United States,Insured,Hispanic / Latino,2024,Percent,0.83033,0.002357
US,United States,Insured,Hispanic / Latino,2024,Number,56016502,NA
US,United States,Medicaid/CHIP,Hispanic / Latino,2024,Number,16394869,NA
US,United States,Medicaid/CHIP,Hispanic / Latino,2024,Percent,0.24302,0.002383
US,United States,Medicare,Hispanic / Latino,2024,Percent,0.09324,6.35e-4
US,United States,Medicare,Hispanic / Latino,2024,Number,6290518,NA
US,United States,Private,Hispanic / Latino,2024,Number,33331115,NA
US,United States,Private,Hispanic / Latino,2024,Percent,0.49407,0.003484
US,United States,Public,Hispanic / Latino,2024,Percent,0.33627,0.002392
US,United States,Public,Hispanic / Latino,2024,Number,22685387,NA
US,United States,Uninsured,Hispanic / Latino,2024,Percent,0.16967,0.002357
US,United States,Uninsured,Hispanic / Latino,2024,Number,11446115,NA
US,United States,Employer,Native Hawaiian and Other Pacific Islander,2024,Percent,0.49232,0.022199
US,United States,Employer,Native Hawaiian and Other Pacific Islander,2024,Number,278318,NA
US,United States,Individual,Native Hawaiian and Other Pacific Islander,2024,Percent,0.04814,0.009519
US,United States,Individual,Native Hawaiian and Other Pacific Islander,2024,Number,27212,NA
US,United States,Insured,Native Hawaiian and Other Pacific Islander,2024,Percent,0.88724,0.014099
US,United States,Insured,Native Hawaiian and Other Pacific Islander,2024,Number,501577,NA
US,United States,Medicaid/CHIP,Native Hawaiian and Other Pacific Islander,2024,Number,130129,NA
US,United States,Medicaid/CHIP,Native Hawaiian and Other Pacific Islander,2024,Percent,0.23019,0.021323
US,United States,Medicare,Native Hawaiian and Other Pacific Islander,2024,Number,65918,NA
US,United States,Medicare,Native Hawaiian and Other Pacific Islander,2024,Percent,0.1166,0.01147
US,United States,Private,Native Hawaiian and Other Pacific Islander,2024,Percent,0.54045,0.024228
US,United States,Private,Native Hawaiian and Other Pacific Islander,2024,Number,305530,NA
US,United States,Public,Native Hawaiian and Other Pacific Islander,2024,Percent,0.34679,0.021249
US,United States,Public,Native Hawaiian and Other Pacific Islander,2024,Number,196047,NA
US,United States,Uninsured,Native Hawaiian and Other Pacific Islander,2024,Percent,0.11276,0.014099
US,United States,Uninsured,Native Hawaiian and Other Pacific Islander,2024,Number,63745,NA
US,United States,Employer,Other / Multiple Races,2024,Number,9712692,NA
US,United States,Employer,Other / Multiple Races,2024,Percent,0.56383,0.004492
US,United States,Individual,Other / Multiple Races,2024,Number,1138427,NA
US,United States,Individual,Other / Multiple Races,2024,Percent,0.06609,0.001985
US,United States,Insured,Other / Multiple Races,2024,Percent,0.92901,0.002037
US,United States,Insured,Other / Multiple Races,2024,Number,16003434,NA
US,United States,Medicaid/CHIP,Other / Multiple Races,2024,Number,3373200,NA
US,United States,Medicaid/CHIP,Other / Multiple Races,2024,Percent,0.19582,0.003887
US,United States,Medicare,Other / Multiple Races,2024,Percent,0.10328,0.001864
US,United States,Medicare,Other / Multiple Races,2024,Number,1779115,NA
US,United States,Private,Other / Multiple Races,2024,Percent,0.62991,0.004495
US,United States,Private,Other / Multiple Races,2024,Number,10851119,NA
US,United States,Public,Other / Multiple Races,2024,Percent,0.29909,0.004203
US,United States,Public,Other / Multiple Races,2024,Number,5152315,NA
US,United States,Uninsured,Other / Multiple Races,2024,Percent,0.07099,0.002037
US,United States,Uninsured,Other / Multiple Races,2024,Number,1222945,NA
US,United States,Employer,White,2024,Percent,0.54557,0.001432
US,United States,Employer,White,2024,Number,103392706,NA
US,United States,Individual,White,2024,Percent,0.0662,6.62e-4
US,United States,Individual,White,2024,Number,12545383,NA
US,United States,Insured,White,2024,Number,179572372,NA
US,United States,Insured,White,2024,Percent,0.94755,7.01e-4
US,United States,Medicaid/CHIP,White,2024,Percent,0.09599,9.31e-4
US,United States,Medicaid/CHIP,White,2024,Number,18191199,NA
US,United States,Medicare,White,2024,Number,45443084,NA
US,United States,Medicare,White,2024,Percent,0.23979,2.83e-4
US,United States,Private,White,2024,Percent,0.61177,0.001392
US,United States,Private,White,2024,Number,115938089,NA
US,United States,Public,White,2024,Number,63634283,NA
US,United States,Public,White,2024,Percent,0.33578,0.001005
US,United States,Uninsured,White,2024,Percent,0.05245,7.01e-4
US,United States,Uninsured,White,2024,Number,9940438,NA
17,Illinois,Employer,African-American / Black,2011,Percent,0.37868,0.01323
17,Illinois,Employer,African-American / Black,2011,Number,676422,NA
17,Illinois,Individual,African-American / Black,2011,Percent,0.02184,0.003954
17,Illinois,Individual,African-American / Black,2011,Number,39013,NA
17,Illinois,Insured,African-American / Black,2011,Percent,0.81988,0.009312
17,Illinois,Insured,African-American / Black,2011,Number,1464511,NA
17,Illinois,Medicaid/CHIP,African-American / Black,2011,Percent,0.29671,0.011151
17,Illinois,Medicaid/CHIP,African-American / Black,2011,Number,529991,NA
17,Illinois,Medicare,African-American / Black,2011,Percent,0.12265,0.00363
17,Illinois,Medicare,African-American / Black,2011,Number,219085,NA
17,Illinois,Private,African-American / Black,2011,Percent,0.40052,0.013493
17,Illinois,Private,African-American / Black,2011,Number,715435,NA
17,Illinois,Public,African-American / Black,2011,Number,749076,NA
17,Illinois,Public,African-American / Black,2011,Percent,0.41936,0.011352
17,Illinois,Uninsured,African-American / Black,2011,Percent,0.18012,0.009312
17,Illinois,Uninsured,African-American / Black,2011,Number,321741,NA
17,Illinois,Employer,American Indian / Alaska Native,2011,Percent,0.42431,0.103991
17,Illinois,Employer,American Indian / Alaska Native,2011,Number,5048,NA
17,Illinois,Individual,American Indian / Alaska Native,2011,Percent,NA,NA
17,Illinois,Individual,American Indian / Alaska Native,2011,Number,NA,NA
17,Illinois,Insured,American Indian / Alaska Native,2011,Percent,0.81533,0.095249
17,Illinois,Insured,American Indian / Alaska Native,2011,Number,9700,NA
17,Illinois,Medicaid/CHIP,American Indian / Alaska Native,2011,Number,2118,NA
17,Illinois,Medicaid/CHIP,American Indian / Alaska Native,2011,Percent,0.17803,0.08325
17,Illinois,Medicare,American Indian / Alaska Native,2011,Number,2272,NA
17,Illinois,Medicare,American Indian / Alaska Native,2011,Percent,0.19097,0.078694
17,Illinois,Private,American Indian / Alaska Native,2011,Percent,0.44633,0.114136
17,Illinois,Private,American Indian / Alaska Native,2011,Number,5310,NA
17,Illinois,Public,American Indian / Alaska Native,2011,Number,4390,NA
17,Illinois,Public,American Indian / Alaska Native,2011,Percent,0.369,0.102641
17,Illinois,Uninsured,American Indian / Alaska Native,2011,Number,2197,NA
17,Illinois,Uninsured,American Indian / Alaska Native,2011,Percent,0.18467,0.095249
17,Illinois,Employer,Asian,2011,Percent,0.60949,0.025559
17,Illinois,Employer,Asian,2011,Number,363161,NA
17,Illinois,Individual,Asian,2011,Percent,0.09469,0.014385
17,Illinois,Individual,Asian,2011,Number,56420,NA
17,Illinois,Insured,Asian,2011,Number,515514,NA
17,Illinois,Insured,Asian,2011,Percent,0.86518,0.019014
17,Illinois,Medicaid/CHIP,Asian,2011,Percent,0.07774,0.016624
17,Illinois,Medicaid/CHIP,Asian,2011,Number,46323,NA
17,Illinois,Medicare,Asian,2011,Percent,0.08326,0.007584
17,Illinois,Medicare,Asian,2011,Number,49610,NA
17,Illinois,Private,Asian,2011,Number,419581,NA
17,Illinois,Private,Asian,2011,Percent,0.70417,0.023593
17,Illinois,Public,Asian,2011,Percent,0.161,0.017127
17,Illinois,Public,Asian,2011,Number,95933,NA
17,Illinois,Uninsured,Asian,2011,Percent,0.13482,0.019014
17,Illinois,Uninsured,Asian,2011,Number,80334,NA
17,Illinois,Employer,Hispanic / Latino,2011,Number,839814,NA
17,Illinois,Employer,Hispanic / Latino,2011,Percent,0.40658,0.018322
17,Illinois,Individual,Hispanic / Latino,2011,Percent,0.01529,0.002676
17,Illinois,Individual,Hispanic / Latino,2011,Number,31575,NA
17,Illinois,Insured,Hispanic / Latino,2011,Percent,0.7414,0.012297
17,Illinois,Insured,Hispanic / Latino,2011,Number,1531404,NA
17,Illinois,Medicaid/CHIP,Hispanic / Latino,2011,Number,562847,NA
17,Illinois,Medicaid/CHIP,Hispanic / Latino,2011,Percent,0.27249,0.011995
17,Illinois,Medicare,Hispanic / Latino,2011,Percent,0.04704,0.003237
17,Illinois,Medicare,Hispanic / Latino,2011,Number,97168,NA
17,Illinois,Private,Hispanic / Latino,2011,Number,871389,NA
17,Illinois,Private,Hispanic / Latino,2011,Percent,0.42187,0.018547
17,Illinois,Public,Hispanic / Latino,2011,Number,660015,NA
17,Illinois,Public,Hispanic / Latino,2011,Percent,0.31954,0.011635
17,Illinois,Uninsured,Hispanic / Latino,2011,Percent,0.2586,0.012297
17,Illinois,Uninsured,Hispanic / Latino,2011,Number,534140,NA
17,Illinois,Employer,Native Hawaiian and Other Pacific Islander,2011,Percent,NA,NA
17,Illinois,Employer,Native Hawaiian and Other Pacific Islander,2011,Number,NA,NA
17,Illinois,Individual,Native Hawaiian and Other Pacific Islander,2011,Percent,NA,NA
17,Illinois,Individual,Native Hawaiian and Other Pacific Islander,2011,Number,NA,NA
17,Illinois,Insured,Native Hawaiian and Other Pacific Islander,2011,Percent,NA,NA
17,Illinois,Insured,Native Hawaiian and Other Pacific Islander,2011,Number,NA,NA
17,Illinois,Medicaid/CHIP,Native Hawaiian and Other Pacific Islander,2011,Number,NA,NA
17,Illinois,Medicaid/CHIP,Native Hawaiian and Other Pacific Islander,2011,Percent,NA,NA
17,Illinois,Medicare,Native Hawaiian and Other Pacific Islander,2011,Percent,NA,NA
17,Illinois,Medicare,Native Hawaiian and Other Pacific Islander,2011,Number,NA,NA
17,Illinois,Private,Native Hawaiian and Other Pacific Islander,2011,Percent,NA,NA
17,Illinois,Private,Native Hawaiian and Other Pacific Islander,2011,Number,NA,NA
17,Illinois,Public,Native Hawaiian and Other Pacific Islander,2011,Number,NA,NA
17,Illinois,Public,Native Hawaiian and Other Pacific Islander,2011,Percent,NA,NA
17,Illinois,Uninsured,Native Hawaiian and Other Pacific Islander,2011,Number,NA,NA
17,Illinois,Uninsured,Native Hawaiian and Other Pacific Islander,2011,Percent,NA,NA
17,Illinois,Employer,Other / Multiple Races,2011,Percent,0.54457,0.04058
17,Illinois,Employer,Other / Multiple Races,2011,Number,114386,NA
17,Illinois,Individual,Other / Multiple Races,2011,Number,10306,NA
17,Illinois,Individual,Other / Multiple Races,2011,Percent,0.04907,0.014063
17,Illinois,Insured,Other / Multiple Races,2011,Number,188702,NA
17,Illinois,Insured,Other / Multiple Races,2011,Percent,0.89838,0.021977
17,Illinois,Medicaid/CHIP,Other / Multiple Races,2011,Percent,0.24303,0.034198
17,Illinois,Medicaid/CHIP,Other / Multiple Races,2011,Number,51047,NA
17,Illinois,Medicare,Other / Multiple Races,2011,Percent,0.06171,0.01388
17,Illinois,Medicare,Other / Multiple Races,2011,Number,12963,NA
17,Illinois,Private,Other / Multiple Races,2011,Percent,0.59364,0.040724
17,Illinois,Private,Other / Multiple Races,2011,Number,124692,NA
17,Illinois,Public,Other / Multiple Races,2011,Number,64010,NA
17,Illinois,Public,Other / Multiple Races,2011,Percent,0.30474,0.036346
17,Illinois,Uninsured,Other / Multiple Races,2011,Percent,0.10162,0.021977
17,Illinois,Uninsured,Other / Multiple Races,2011,Number,21345,NA
17,Illinois,Employer,White,2011,Percent,0.60589,0.005944
17,Illinois,Employer,White,2011,Number,4869874,NA
17,Illinois,Individual,White,2011,Percent,0.06058,0.003041
17,Illinois,Individual,White,2011,Number,486901,NA
17,Illinois,Insured,White,2011,Percent,0.91671,0.003546
17,Illinois,Insured,White,2011,Number,7368136,NA
17,Illinois,Medicaid/CHIP,White,2011,Number,642271,NA
17,Illinois,Medicaid/CHIP,White,2011,Percent,0.07991,0.00413
17,Illinois,Medicare,White,2011,Number,1369090,NA
17,Illinois,Medicare,White,2011,Percent,0.17034,0.001459
17,Illinois,Private,White,2011,Percent,0.66646,0.005672
17,Illinois,Private,White,2011,Number,5356775,NA
17,Illinois,Public,White,2011,Percent,0.25024,0.004222
17,Illinois,Public,White,2011,Number,2011361,NA
17,Illinois,Uninsured,White,2011,Percent,0.08329,0.003546
17,Illinois,Uninsured,White,2011,Number,669467,NA
17,Illinois,Employer,African-American / Black,2012,Percent,0.38306,0.013777
17,Illinois,Employer,African-American / Black,2012,Number,678471,NA
17,Illinois,Individual,African-American / Black,2012,Percent,0.02146,0.003396
17,Illinois,Individual,African-American / Black,2012,Number,38009,NA
17,Illinois,Insured,African-American / Black,2012,Number,1460156,NA
17,Illinois,Insured,African-American / Black,2012,Percent,0.82438,0.008685
17,Illinois,Medicaid/CHIP,African-American / Black,2012,Percent,0.29008,0.011255
17,Illinois,Medicaid/CHIP,African-American / Black,2012,Number,513785,NA
17,Illinois,Medicare,African-American / Black,2012,Percent,0.12979,0.004046
17,Illinois,Medicare,African-American / Black,2012,Number,229891,NA
17,Illinois,Private,African-American / Black,2012,Percent,0.40452,0.013307
17,Illinois,Private,African-American / Black,2012,Number,716480,NA
17,Illinois,Public,African-American / Black,2012,Percent,0.41987,0.012139
17,Illinois,Public,African-American / Black,2012,Number,743676,NA
17,Illinois,Uninsured,African-American / Black,2012,Number,311051,NA
17,Illinois,Uninsured,African-American / Black,2012,Percent,0.17562,0.008685
17,Illinois,Employer,American Indian / Alaska Native,2012,Number,6110,NA
17,Illinois,Employer,American Indian / Alaska Native,2012,Percent,0.48814,0.122316
17,Illinois,Individual,American Indian / Alaska Native,2012,Number,NA,NA
17,Illinois,Individual,American Indian / Alaska Native,2012,Percent,NA,NA
17,Illinois,Insured,American Indian / Alaska Native,2012,Percent,0.84269,0.080253
17,Illinois,Insured,American Indian / Alaska Native,2012,Number,10548,NA
17,Illinois,Medicaid/CHIP,American Indian / Alaska Native,2012,Percent,0.17073,0.087428
17,Illinois,Medicaid/CHIP,American Indian / Alaska Native,2012,Number,2137,NA
17,Illinois,Medicare,American Indian / Alaska Native,2012,Number,2061,NA
17,Illinois,Medicare,American Indian / Alaska Native,2012,Percent,0.16466,0.082529
17,Illinois,Private,American Indian / Alaska Native,2012,Percent,0.50731,0.118224
17,Illinois,Private,American Indian / Alaska Native,2012,Number,6350,NA
17,Illinois,Public,American Indian / Alaska Native,2012,Number,4198,NA
17,Illinois,Public,American Indian / Alaska Native,2012,Percent,0.33538,0.095903
17,Illinois,Uninsured,American Indian / Alaska Native,2012,Percent,0.15731,0.080253
17,Illinois,Uninsured,American Indian / Alaska Native,2012,Number,1969,NA
17,Illinois,Employer,Asian,2012,Number,352991,NA
17,Illinois,Employer,Asian,2012,Percent,0.5875,0.025087
17,Illinois,Individual,Asian,2012,Number,56033,NA
17,Illinois,Individual,Asian,2012,Percent,0.09326,0.015254
17,Illinois,Insured,Asian,2012,Percent,0.85735,0.015032
17,Illinois,Insured,Asian,2012,Number,515128,NA
17,Illinois,Medicaid/CHIP,Asian,2012,Percent,0.08588,0.013982
17,Illinois,Medicaid/CHIP,Asian,2012,Number,51601,NA
17,Illinois,Medicare,Asian,2012,Percent,0.09071,0.007893
17,Illinois,Medicare,Asian,2012,Number,54503,NA
17,Illinois,Private,Asian,2012,Percent,0.68076,0.020198
17,Illinois,Private,Asian,2012,Number,409024,NA
17,Illinois,Public,Asian,2012,Number,106104,NA
17,Illinois,Public,Asian,2012,Percent,0.17659,0.015323
17,Illinois,Uninsured,Asian,2012,Number,85709,NA
17,Illinois,Uninsured,Asian,2012,Percent,0.14265,0.015032
17,Illinois,Employer,Hispanic / Latino,2012,Percent,0.40745,0.015307
17,Illinois,Employer,Hispanic / Latino,2012,Number,849513,NA
17,Illinois,Individual,Hispanic / Latino,2012,Percent,0.01913,0.003279
17,Illinois,Individual,Hispanic / Latino,2012,Number,39877,NA
17,Illinois,Insured,Hispanic / Latino,2012,Number,1551001,NA
17,Illinois,Insured,Hispanic / Latino,2012,Percent,0.7439,0.011435
17,Illinois,Medicaid/CHIP,Hispanic / Latino,2012,Percent,0.26653,0.01057
17,Illinois,Medicaid/CHIP,Hispanic / Latino,2012,Number,555700,NA
17,Illinois,Medicare,Hispanic / Latino,2012,Percent,0.0508,0.002642
17,Illinois,Medicare,Hispanic / Latino,2012,Number,105911,NA
17,Illinois,Private,Hispanic / Latino,2012,Percent,0.42658,0.015876
17,Illinois,Private,Hispanic / Latino,2012,Number,889390,NA
17,Illinois,Public,Hispanic / Latino,2012,Number,661611,NA
17,Illinois,Public,Hispanic / Latino,2012,Percent,0.31733,0.010994
17,Illinois,Uninsured,Hispanic / Latino,2012,Number,533948,NA
17,Illinois,Uninsured,Hispanic / Latino,2012,Percent,0.2561,0.011435
17,Illinois,Employer,Native Hawaiian and Other Pacific Islander,2012,Percent,NA,NA
17,Illinois,Employer,Native Hawaiian and Other Pacific Islander,2012,Number,NA,NA
17,Illinois,Individual,Native Hawaiian and Other Pacific Islander,2012,Number,NA,NA
17,Illinois,Individual,Native Hawaiian and Other Pacific Islander,2012,Percent,NA,NA
17,Illinois,Insured,Native Hawaiian and Other Pacific Islander,2012,Percent,NA,NA
17,Illinois,Insured,Native Hawaiian and Other Pacific Islander,2012,Number,NA,NA
17,Illinois,Medicaid/CHIP,Native Hawaiian and Other Pacific Islander,2012,Percent,NA,NA
17,Illinois,Medicaid/CHIP,Native Hawaiian and Other Pacific Islander,2012,Number,NA,NA
17,Illinois,Medicare,Native Hawaiian and Other Pacific Islander,2012,Percent,NA,NA
17,Illinois,Medicare,Native Hawaiian and Other Pacific Islander,2012,Number,NA,NA
17,Illinois,Private,Native Hawaiian and Other Pacific Islander,2012,Percent,NA,NA
17,Illinois,Private,Native Hawaiian and Other Pacific Islander,2012,Number,NA,NA
17,Illinois,Public,Native Hawaiian and Other Pacific Islander,2012,Percent,NA,NA
17,Illinois,Public,Native Hawaiian and Other Pacific Islander,2012,Number,NA,NA
17,Illinois,Uninsured,Native Hawaiian and Other Pacific Islander,2012,Percent,NA,NA
17,Illinois,Uninsured,Native Hawaiian and Other Pacific Islander,2012,Number,NA,NA
17,Illinois,Employer,Other / Multiple Races,2012,Percent,0.54073,0.043001
17,Illinois,Employer,Other / Multiple Races,2012,Number,125032,NA
17,Illinois,Individual,Other / Multiple Races,2012,Number,11105,NA
17,Illinois,Individual,Other / Multiple Races,2012,Percent,0.04803,0.018563
17,Illinois,Insured,Other / Multiple Races,2012,Percent,0.89349,0.021221
17,Illinois,Insured,Other / Multiple Races,2012,Number,206602,NA
17,Illinois,Medicaid/CHIP,Other / Multiple Races,2012,Percent,0.24348,0.034445
17,Illinois,Medicaid/CHIP,Other / Multiple Races,2012,Number,56300,NA
17,Illinois,Medicare,Other / Multiple Races,2012,Percent,0.06126,0.011245
17,Illinois,Medicare,Other / Multiple Races,2012,Number,14165,NA
17,Illinois,Private,Other / Multiple Races,2012,Percent,0.58875,0.044478
17,Illinois,Private,Other / Multiple Races,2012,Number,136137,NA
17,Illinois,Public,Other / Multiple Races,2012,Percent,0.30474,0.034802
17,Illinois,Public,Other / Multiple Races,2012,Number,70465,NA
17,Illinois,Uninsured,Other / Multiple Races,2012,Percent,0.10651,0.021221
17,Illinois,Uninsured,Other / Multiple Races,2012,Number,24628,NA
17,Illinois,Employer,White,2012,Percent,0.60078,0.005375
17,Illinois,Employer,White,2012,Number,4812372,NA
17,Illinois,Individual,White,2012,Percent,0.06236,0.00302
17,Illinois,Individual,White,2012,Number,499546,NA
17,Illinois,Insured,White,2012,Number,7328434,NA
17,Illinois,Insured,White,2012,Percent,0.91488,0.002872
17,Illinois,Medicaid/CHIP,White,2012,Number,611150,NA
17,Illinois,Medicaid/CHIP,White,2012,Percent,0.0763,0.003156
17,Illinois,Medicare,White,2012,Percent,0.17545,0.001369
17,Illinois,Medicare,White,2012,Number,1405366,NA
17,Illinois,Private,White,2012,Percent,0.66314,0.004752
17,Illinois,Private,White,2012,Number,5311918,NA
17,Illinois,Public,White,2012,Percent,0.25174,0.003426
17,Illinois,Public,White,2012,Number,2016516,NA
17,Illinois,Uninsured,White,2012,Number,681805,NA
17,Illinois,Uninsured,White,2012,Percent,0.08512,0.002872
17,Illinois,Employer,African-American / Black,2013,Percent,0.37667,0.012885
17,Illinois,Employer,African-American / Black,2013,Number,661444,NA
17,Illinois,Individual,African-American / Black,2013,Number,34041,NA
17,Illinois,Individual,African-American / Black,2013,Percent,0.01939,0.003374
17,Illinois,Insured,African-American / Black,2013,Number,1444792,NA
17,Illinois,Insured,African-American / Black,2013,Percent,0.82276,0.008856
17,Illinois,Medicaid/CHIP,African-American / Black,2013,Number,517527,NA
17,Illinois,Medicaid/CHIP,African-American / Black,2013,Percent,0.29472,0.012892
17,Illinois,Medicare,African-American / Black,2013,Number,231780,NA
17,Illinois,Medicare,African-American / Black,2013,Percent,0.13199,0.003928
17,Illinois,Private,African-American / Black,2013,Percent,0.39606,0.013317
17,Illinois,Private,African-American / Black,2013,Number,695485,NA
17,Illinois,Public,African-American / Black,2013,Percent,0.42671,0.01231
17,Illinois,Public,African-American / Black,2013,Number,749307,NA
17,Illinois,Uninsured,African-American / Black,2013,Number,311232,NA
17,Illinois,Uninsured,African-American / Black,2013,Percent,0.17724,0.008856
17,Illinois,Employer,American Indian / Alaska Native,2013,Number,6946,NA
17,Illinois,Employer,American Indian / Alaska Native,2013,Percent,0.4787,0.149239
17,Illinois,Individual,American Indian / Alaska Native,2013,Percent,0.04624,0.042628
17,Illinois,Individual,American Indian / Alaska Native,2013,Number,671,NA
17,Illinois,Insured,American Indian / Alaska Native,2013,Percent,0.83804,0.091751
17,Illinois,Insured,American Indian / Alaska Native,2013,Number,12160,NA
17,Illinois,Medicaid/CHIP,American Indian / Alaska Native,2013,Percent,0.15872,0.085262
17,Illinois,Medicaid/CHIP,American Indian / Alaska Native,2013,Number,2303,NA
17,Illinois,Medicare,American Indian / Alaska Native,2013,Percent,0.15438,0.082675
17,Illinois,Medicare,American Indian / Alaska Native,2013,Number,2240,NA
17,Illinois,Private,American Indian / Alaska Native,2013,Number,7617,NA
17,Illinois,Private,American Indian / Alaska Native,2013,Percent,0.52495,0.141221
17,Illinois,Public,American Indian / Alaska Native,2013,Percent,0.31309,0.129338
17,Illinois,Public,American Indian / Alaska Native,2013,Number,4543,NA
17,Illinois,Uninsured,American Indian / Alaska Native,2013,Number,2350,NA
17,Illinois,Uninsured,American Indian / Alaska Native,2013,Percent,0.16196,0.091751
17,Illinois,Employer,Asian,2013,Percent,0.59909,0.021234
17,Illinois,Employer,Asian,2013,Number,374515,NA
17,Illinois,Individual,Asian,2013,Number,58470,NA
17,Illinois,Individual,Asian,2013,Percent,0.09353,0.011664
17,Illinois,Insured,Asian,2013,Percent,0.86524,0.015892
17,Illinois,Insured,Asian,2013,Number,540890,NA
17,Illinois,Medicaid/CHIP,Asian,2013,Percent,0.07981,0.014451
17,Illinois,Medicaid/CHIP,Asian,2013,Number,49889,NA
17,Illinois,Medicare,Asian,2013,Percent,0.09281,0.006921
17,Illinois,Medicare,Asian,2013,Number,58016,NA
17,Illinois,Private,Asian,2013,Percent,0.69263,0.021662
17,Illinois,Private,Asian,2013,Number,432985,NA
17,Illinois,Public,Asian,2013,Percent,0.17261,0.015395
17,Illinois,Public,Asian,2013,Number,107905,NA
17,Illinois,Uninsured,Asian,2013,Percent,0.13476,0.015892
17,Illinois,Uninsured,Asian,2013,Number,84245,NA
17,Illinois,Employer,Hispanic / Latino,2013,Percent,0.39294,0.012566
17,Illinois,Employer,Hispanic / Latino,2013,Number,827024,NA
17,Illinois,Individual,Hispanic / Latino,2013,Percent,0.02352,0.004086
17,Illinois,Individual,Hispanic / Latino,2013,Number,49511,NA
17,Illinois,Insured,Hispanic / Latino,2013,Percent,0.74254,0.010348
17,Illinois,Insured,Hispanic / Latino,2013,Number,1562842,NA
17,Illinois,Medicaid/CHIP,Hispanic / Latino,2013,Number,572332,NA
17,Illinois,Medicaid/CHIP,Hispanic / Latino,2013,Percent,0.27193,0.009156
17,Illinois,Medicare,Hispanic / Latino,2013,Percent,0.05415,0.002839
17,Illinois,Medicare,Hispanic / Latino,2013,Number,113975,NA
17,Illinois,Private,Hispanic / Latino,2013,Percent,0.41646,0.012708
17,Illinois,Private,Hispanic / Latino,2013,Number,876535,NA
17,Illinois,Public,Hispanic / Latino,2013,Percent,0.32608,0.009183
17,Illinois,Public,Hispanic / Latino,2013,Number,686307,NA
17,Illinois,Uninsured,Hispanic / Latino,2013,Number,541874,NA
17,Illinois,Uninsured,Hispanic / Latino,2013,Percent,0.25746,0.010348
17,Illinois,Employer,Native Hawaiian and Other Pacific Islander,2013,Number,NA,NA
17,Illinois,Employer,Native Hawaiian and Other Pacific Islander,2013,Percent,NA,NA
17,Illinois,Individual,Native Hawaiian and Other Pacific Islander,2013,Number,NA,NA
17,Illinois,Individual,Native Hawaiian and Other Pacific Islander,2013,Percent,NA,NA
17,Illinois,Insured,Native Hawaiian and Other Pacific Islander,2013,Percent,NA,NA
17,Illinois,Insured,Native Hawaiian and Other Pacific Islander,2013,Number,NA,NA
17,Illinois,Medicaid/CHIP,Native Hawaiian and Other Pacific Islander,2013,Number,NA,NA
17,Illinois,Medicaid/CHIP,Native Hawaiian and Other Pacific Islander,2013,Percent,NA,NA
17,Illinois,Medicare,Native Hawaiian and Other Pacific Islander,2013,Percent,NA,NA
17,Illinois,Medicare,Native Hawaiian and Other Pacific Islander,2013,Number,NA,NA
17,Illinois,Private,Native Hawaiian and Other Pacific Islander,2013,Percent,NA,NA
17,Illinois,Private,Native Hawaiian and Other Pacific Islander,2013,Number,NA,NA
17,Illinois,Public,Native Hawaiian and Other Pacific Islander,2013,Percent,NA,NA
17,Illinois,Public,Native Hawaiian and Other Pacific Islander,2013,Number,NA,NA
17,Illinois,Uninsured,Native Hawaiian and Other Pacific Islander,2013,Percent,NA,NA
17,Illinois,Uninsured,Native Hawaiian and Other Pacific Islander,2013,Number,NA,NA
17,Illinois,Employer,Other / Multiple Races,2013,Percent,0.55908,0.032443
17,Illinois,Employer,Other / Multiple Races,2013,Number,128900,NA
17,Illinois,Individual,Other / Multiple Races,2013,Percent,0.05924,0.013126
17,Illinois,Individual,Other / Multiple Races,2013,Number,13659,NA
17,Illinois,Insured,Other / Multiple Races,2013,Number,205974,NA
17,Illinois,Insured,Other / Multiple Races,2013,Percent,0.89338,0.019288
17,Illinois,Medicaid/CHIP,Other / Multiple Races,2013,Percent,0.22718,0.03262
17,Illinois,Medicaid/CHIP,Other / Multiple Races,2013,Number,52378,NA
17,Illinois,Medicare,Other / Multiple Races,2013,Percent,0.04787,0.010753
17,Illinois,Medicare,Other / Multiple Races,2013,Number,11037,NA
17,Illinois,Private,Other / Multiple Races,2013,Percent,0.61832,0.033657
17,Illinois,Private,Other / Multiple Races,2013,Number,142559,NA
17,Illinois,Public,Other / Multiple Races,2013,Number,63415,NA
17,Illinois,Public,Other / Multiple Races,2013,Percent,0.27505,0.033783
17,Illinois,Uninsured,Other / Multiple Races,2013,Percent,0.10662,0.019288
17,Illinois,Uninsured,Other / Multiple Races,2013,Number,24583,NA
17,Illinois,Employer,White,2013,Percent,0.59755,0.005937
17,Illinois,Employer,White,2013,Number,4773593,NA
17,Illinois,Individual,White,2013,Percent,0.06187,0.00287
17,Illinois,Individual,White,2013,Number,494271,NA
17,Illinois,Insured,White,2013,Number,7344977,NA
17,Illinois,Insured,White,2013,Percent,0.91943,0.003566
17,Illinois,Medicaid/CHIP,White,2013,Number,644653,NA
17,Illinois,Medicaid/CHIP,White,2013,Percent,0.0807,0.003898
17,Illinois,Medicare,White,2013,Percent,0.17931,0.001272
17,Illinois,Medicare,White,2013,Number,1432460,NA
17,Illinois,Private,White,2013,Percent,0.65942,0.005479
17,Illinois,Private,White,2013,Number,5267864,NA
17,Illinois,Public,White,2013,Percent,0.26001,0.00383
17,Illinois,Public,White,2013,Number,2077113,NA
17,Illinois,Uninsured,White,2013,Percent,0.08057,0.003566
17,Illinois,Uninsured,White,2013,Number,643600,NA
17,Illinois,Employer,African-American / Black,2014,Number,674257,NA
17,Illinois,Employer,African-American / Black,2014,Percent,0.38337,0.01492
17,Illinois,Individual,African-American / Black,2014,Number,56615,NA
17,Illinois,Individual,African-American / Black,2014,Percent,0.03219,0.00458
17,Illinois,Insured,African-American / Black,2014,Number,1536533,NA
17,Illinois,Insured,African-American / Black,2014,Percent,0.87365,0.00716
17,Illinois,Medicaid/CHIP,African-American / Black,2014,Percent,0.32376,0.012755
17,Illinois,Medicaid/CHIP,African-American / Black,2014,Number,569419,NA
17,Illinois,Medicare,African-American / Black,2014,Percent,0.13432,0.004978
17,Illinois,Medicare,African-American / Black,2014,Number,236242,NA
17,Illinois,Private,African-American / Black,2014,Percent,0.41556,0.014464
17,Illinois,Private,African-American / Black,2014,Number,730872,NA
17,Illinois,Public,African-American / Black,2014,Number,805661,NA
17,Illinois,Public,African-American / Black,2014,Percent,0.45809,0.013245
17,Illinois,Uninsured,African-American / Black,2014,Percent,0.12635,0.00716
17,Illinois,Uninsured,African-American / Black,2014,Number,222212,NA
17,Illinois,Employer,American Indian / Alaska Native,2014,Percent,0.50097,0.13971
17,Illinois,Employer,American Indian / Alaska Native,2014,Number,7503,NA
17,Illinois,Individual,American Indian / Alaska Native,2014,Percent,0.03312,0.040472
17,Illinois,Individual,American Indian / Alaska Native,2014,Number,496,NA
17,Illinois,Insured,American Indian / Alaska Native,2014,Percent,0.8933,0.097405
17,Illinois,Insured,American Indian / Alaska Native,2014,Number,13379,NA
17,Illinois,Medicaid/CHIP,American Indian / Alaska Native,2014,Number,2667,NA
17,Illinois,Medicaid/CHIP,American Indian / Alaska Native,2014,Percent,0.17807,0.114002
17,Illinois,Medicare,American Indian / Alaska Native,2014,Percent,0.18114,0.077203
17,Illinois,Medicare,American Indian / Alaska Native,2014,Number,2713,NA
17,Illinois,Private,American Indian / Alaska Native,2014,Number,7999,NA
17,Illinois,Private,American Indian / Alaska Native,2014,Percent,0.53409,0.141746
17,Illinois,Public,American Indian / Alaska Native,2014,Percent,0.35922,0.114682
17,Illinois,Public,American Indian / Alaska Native,2014,Number,5380,NA
17,Illinois,Uninsured,American Indian / Alaska Native,2014,Percent,0.1067,0.097405
17,Illinois,Uninsured,American Indian / Alaska Native,2014,Number,1598,NA
17,Illinois,Employer,Asian,2014,Percent,0.57448,0.021753
17,Illinois,Employer,Asian,2014,Number,377173,NA
17,Illinois,Individual,Asian,2014,Number,78082,NA
17,Illinois,Individual,Asian,2014,Percent,0.11893,0.01486
17,Illinois,Insured,Asian,2014,Percent,0.89706,0.014281
17,Illinois,Insured,Asian,2014,Number,588963,NA
17,Illinois,Medicaid/CHIP,Asian,2014,Number,65793,NA
17,Illinois,Medicaid/CHIP,Asian,2014,Percent,0.10021,0.013471
17,Illinois,Medicare,Asian,2014,Percent,0.10344,0.006749
17,Illinois,Medicare,Asian,2014,Number,67915,NA
17,Illinois,Private,Asian,2014,Number,455255,NA
17,Illinois,Private,Asian,2014,Percent,0.69341,0.021051
17,Illinois,Public,Asian,2014,Number,133708,NA
17,Illinois,Public,Asian,2014,Percent,0.20365,0.015472
17,Illinois,Uninsured,Asian,2014,Percent,0.10294,0.014281
17,Illinois,Uninsured,Asian,2014,Number,67584,NA
17,Illinois,Employer,Hispanic / Latino,2014,Number,915898,NA
17,Illinois,Employer,Hispanic / Latino,2014,Percent,0.42855,0.015792
17,Illinois,Individual,Hispanic / Latino,2014,Number,71305,NA
17,Illinois,Individual,Hispanic / Latino,2014,Percent,0.03336,0.004555
17,Illinois,Insured,Hispanic / Latino,2014,Percent,0.79084,0.011205
17,Illinois,Insured,Hispanic / Latino,2014,Number,1690173,NA
17,Illinois,Medicaid/CHIP,Hispanic / Latino,2014,Number,580605,NA
17,Illinois,Medicaid/CHIP,Hispanic / Latino,2014,Percent,0.27167,0.011008
17,Illinois,Medicare,Hispanic / Latino,2014,Number,122365,NA
17,Illinois,Medicare,Hispanic / Latino,2014,Percent,0.05725,0.003555
17,Illinois,Private,Hispanic / Latino,2014,Number,987203,NA
17,Illinois,Private,Hispanic / Latino,2014,Percent,0.46191,0.015684
17,Illinois,Public,Hispanic / Latino,2014,Percent,0.32892,0.011607
17,Illinois,Public,Hispanic / Latino,2014,Number,702970,NA
17,Illinois,Uninsured,Hispanic / Latino,2014,Percent,0.20916,0.011205
17,Illinois,Uninsured,Hispanic / Latino,2014,Number,447026,NA
17,Illinois,Employer,Native Hawaiian and Other Pacific Islander,2014,Number,NA,NA
17,Illinois,Employer,Native Hawaiian and Other Pacific Islander,2014,Percent,NA,NA
17,Illinois,Individual,Native Hawaiian and Other Pacific Islander,2014,Percent,NA,NA
17,Illinois,Individual,Native Hawaiian and Other Pacific Islander,2014,Number,NA,NA
17,Illinois,Insured,Native Hawaiian and Other Pacific Islander,2014,Number,NA,NA
17,Illinois,Insured,Native Hawaiian and Other Pacific Islander,2014,Percent,NA,NA
17,Illinois,Medicaid/CHIP,Native Hawaiian and Other Pacific Islander,2014,Number,NA,NA
17,Illinois,Medicaid/CHIP,Native Hawaiian and Other Pacific Islander,2014,Percent,NA,NA
17,Illinois,Medicare,Native Hawaiian and Other Pacific Islander,2014,Number,NA,NA
17,Illinois,Medicare,Native Hawaiian and Other Pacific Islander,2014,Percent,NA,NA
17,Illinois,Private,Native Hawaiian and Other Pacific Islander,2014,Number,NA,NA
17,Illinois,Private,Native Hawaiian and Other Pacific Islander,2014,Percent,NA,NA
17,Illinois,Public,Native Hawaiian and Other Pacific Islander,2014,Percent,NA,NA
17,Illinois,Public,Native Hawaiian and Other Pacific Islander,2014,Number,NA,NA
17,Illinois,Uninsured,Native Hawaiian and Other Pacific Islander,2014,Number,NA,NA
17,Illinois,Uninsured,Native Hawaiian and Other Pacific Islander,2014,Percent,NA,NA
17,Illinois,Employer,Other / Multiple Races,2014,Number,125019,NA
17,Illinois,Employer,Other / Multiple Races,2014,Percent,0.56106,0.035697
17,Illinois,Individual,Other / Multiple Races,2014,Number,13777,NA
17,Illinois,Individual,Other / Multiple Races,2014,Percent,0.06183,0.015341
17,Illinois,Insured,Other / Multiple Races,2014,Percent,0.91605,0.015774
17,Illinois,Insured,Other / Multiple Races,2014,Number,204120,NA
17,Illinois,Medicaid/CHIP,Other / Multiple Races,2014,Number,48645,NA
17,Illinois,Medicaid/CHIP,Other / Multiple Races,2014,Percent,0.21831,0.032229
17,Illinois,Medicare,Other / Multiple Races,2014,Percent,0.07485,0.013399
17,Illinois,Medicare,Other / Multiple Races,2014,Number,16679,NA
17,Illinois,Private,Other / Multiple Races,2014,Number,138796,NA
17,Illinois,Private,Other / Multiple Races,2014,Percent,0.62289,0.035241
17,Illinois,Public,Other / Multiple Races,2014,Percent,0.29316,0.03179
17,Illinois,Public,Other / Multiple Races,2014,Number,65324,NA
17,Illinois,Uninsured,Other / Multiple Races,2014,Percent,0.08395,0.015774
17,Illinois,Uninsured,Other / Multiple Races,2014,Number,18706,NA
17,Illinois,Employer,White,2014,Percent,0.59454,0.005374
17,Illinois,Employer,White,2014,Number,4711608,NA
17,Illinois,Individual,White,2014,Number,572445,NA
17,Illinois,Individual,White,2014,Percent,0.07223,0.002955
17,Illinois,Insured,White,2014,Percent,0.93816,0.002853
17,Illinois,Insured,White,2014,Number,7434744,NA
17,Illinois,Medicaid/CHIP,White,2014,Percent,0.08798,0.003399
17,Illinois,Medicaid/CHIP,White,2014,Number,697213,NA
17,Illinois,Medicare,White,2014,Number,1453478,NA
17,Illinois,Medicare,White,2014,Percent,0.18341,0.001393
17,Illinois,Private,White,2014,Percent,0.66678,0.00453
17,Illinois,Private,White,2014,Number,5284053,NA
17,Illinois,Public,White,2014,Percent,0.27139,0.003598
17,Illinois,Public,White,2014,Number,2150691,NA
17,Illinois,Uninsured,White,2014,Percent,0.06184,0.002853
17,Illinois,Uninsured,White,2014,Number,490040,NA
17,Illinois,Employer,African-American / Black,2015,Percent,0.40693,0.013573
17,Illinois,Employer,African-American / Black,2015,Number,715671,NA
17,Illinois,Individual,African-American / Black,2015,Number,67414,NA
17,Illinois,Individual,African-American / Black,2015,Percent,0.03833,0.00398
17,Illinois,Insured,African-American / Black,2015,Number,1622369,NA
17,Illinois,Insured,African-American / Black,2015,Percent,0.92248,0.007171
17,Illinois,Medicaid/CHIP,African-American / Black,2015,Number,588512,NA
17,Illinois,Medicaid/CHIP,African-American / Black,2015,Percent,0.33463,0.013857
17,Illinois,Medicare,African-American / Black,2015,Percent,0.14259,0.004481
17,Illinois,Medicare,African-American / Black,2015,Number,250772,NA
17,Illinois,Private,African-American / Black,2015,Number,783085,NA
17,Illinois,Private,African-American / Black,2015,Percent,0.44526,0.013978
17,Illinois,Public,African-American / Black,2015,Percent,0.47722,0.013698
17,Illinois,Public,African-American / Black,2015,Number,839284,NA
17,Illinois,Uninsured,African-American / Black,2015,Percent,0.07752,0.007171
17,Illinois,Uninsured,African-American / Black,2015,Number,136340,NA
17,Illinois,Employer,American Indian / Alaska Native,2015,Number,8107,NA
17,Illinois,Employer,American Indian / Alaska Native,2015,Percent,0.60677,0.107799
17,Illinois,Individual,American Indian / Alaska Native,2015,Percent,0.08136,0.066248
17,Illinois,Individual,American Indian / Alaska Native,2015,Number,1087,NA
17,Illinois,Insured,American Indian / Alaska Native,2015,Number,13167,NA
17,Illinois,Insured,American Indian / Alaska Native,2015,Percent,0.98548,0.018702
17,Illinois,Medicaid/CHIP,American Indian / Alaska Native,2015,Number,1813,NA
17,Illinois,Medicaid/CHIP,American Indian / Alaska Native,2015,Percent,0.13569,0.070462
17,Illinois,Medicare,American Indian / Alaska Native,2015,Percent,0.16166,0.068808
17,Illinois,Medicare,American Indian / Alaska Native,2015,Number,2160,NA
17,Illinois,Private,American Indian / Alaska Native,2015,Percent,0.68812,0.091388
17,Illinois,Private,American Indian / Alaska Native,2015,Number,9194,NA
17,Illinois,Public,American Indian / Alaska Native,2015,Percent,0.29736,0.091103
17,Illinois,Public,American Indian / Alaska Native,2015,Number,3973,NA
17,Illinois,Uninsured,American Indian / Alaska Native,2015,Number,NA,NA
17,Illinois,Uninsured,American Indian / Alaska Native,2015,Percent,NA,NA
17,Illinois,Employer,Asian,2015,Percent,0.583,0.018716
17,Illinois,Employer,Asian,2015,Number,388132,NA
17,Illinois,Individual,Asian,2015,Number,75645,NA
17,Illinois,Individual,Asian,2015,Percent,0.11362,0.013673
17,Illinois,Insured,Asian,2015,Percent,0.92211,0.011739
17,Illinois,Insured,Asian,2015,Number,613897,NA
17,Illinois,Medicaid/CHIP,Asian,2015,Percent,0.11661,0.013951
17,Illinois,Medicaid/CHIP,Asian,2015,Number,77635,NA
17,Illinois,Medicare,Asian,2015,Number,72485,NA
17,Illinois,Medicare,Asian,2015,Percent,0.10888,0.007234
17,Illinois,Private,Asian,2015,Number,463777,NA
17,Illinois,Private,Asian,2015,Percent,0.69662,0.016272
17,Illinois,Public,Asian,2015,Percent,0.22549,0.01477
17,Illinois,Public,Asian,2015,Number,150120,NA
17,Illinois,Uninsured,Asian,2015,Percent,0.07789,0.011739
17,Illinois,Uninsured,Asian,2015,Number,51857,NA
17,Illinois,Employer,Hispanic / Latino,2015,Number,917119,NA
17,Illinois,Employer,Hispanic / Latino,2015,Percent,0.42535,0.016759
17,Illinois,Individual,Hispanic / Latino,2015,Percent,0.04126,0.005538
17,Illinois,Individual,Hispanic / Latino,2015,Number,88954,NA
17,Illinois,Insured,Hispanic / Latino,2015,Number,1779641,NA
17,Illinois,Insured,Hispanic / Latino,2015,Percent,0.82538,0.008838
17,Illinois,Medicaid/CHIP,Hispanic / Latino,2015,Number,645558,NA
17,Illinois,Medicaid/CHIP,Hispanic / Latino,2015,Percent,0.2994,0.012807
17,Illinois,Medicare,Hispanic / Latino,2015,Percent,0.05937,0.003077
17,Illinois,Medicare,Hispanic / Latino,2015,Number,128010,NA
17,Illinois,Private,Hispanic / Latino,2015,Percent,0.46661,0.016424
17,Illinois,Private,Hispanic / Latino,2015,Number,1006073,NA
17,Illinois,Public,Hispanic / Latino,2015,Number,773568,NA
17,Illinois,Public,Hispanic / Latino,2015,Percent,0.35877,0.013081
17,Illinois,Uninsured,Hispanic / Latino,2015,Number,376503,NA
17,Illinois,Uninsured,Hispanic / Latino,2015,Percent,0.17462,0.008838
17,Illinois,Employer,Native Hawaiian and Other Pacific Islander,2015,Number,NA,NA
17,Illinois,Employer,Native Hawaiian and Other Pacific Islander,2015,Percent,NA,NA
17,Illinois,Individual,Native Hawaiian and Other Pacific Islander,2015,Percent,NA,NA
17,Illinois,Individual,Native Hawaiian and Other Pacific Islander,2015,Number,NA,NA
17,Illinois,Insured,Native Hawaiian and Other Pacific Islander,2015,Number,NA,NA
17,Illinois,Insured,Native Hawaiian and Other Pacific Islander,2015,Percent,NA,NA
17,Illinois,Medicaid/CHIP,Native Hawaiian and Other Pacific Islander,2015,Percent,NA,NA
17,Illinois,Medicaid/CHIP,Native Hawaiian and Other Pacific Islander,2015,Number,NA,NA
17,Illinois,Medicare,Native Hawaiian and Other Pacific Islander,2015,Percent,NA,NA
17,Illinois,Medicare,Native Hawaiian and Other Pacific Islander,2015,Number,NA,NA
17,Illinois,Private,Native Hawaiian and Other Pacific Islander,2015,Number,NA,NA
17,Illinois,Private,Native Hawaiian and Other Pacific Islander,2015,Percent,NA,NA
17,Illinois,Public,Native Hawaiian and Other Pacific Islander,2015,Percent,NA,NA
17,Illinois,Public,Native Hawaiian and Other Pacific Islander,2015,Number,NA,NA
17,Illinois,Uninsured,Native Hawaiian and Other Pacific Islander,2015,Number,NA,NA
17,Illinois,Uninsured,Native Hawaiian and Other Pacific Islander,2015,Percent,NA,NA
17,Illinois,Employer,Other / Multiple Races,2015,Number,137753,NA
17,Illinois,Employer,Other / Multiple Races,2015,Percent,0.57287,0.037581
17,Illinois,Individual,Other / Multiple Races,2015,Number,19412,NA
17,Illinois,Individual,Other / Multiple Races,2015,Percent,0.08073,0.019827
17,Illinois,Insured,Other / Multiple Races,2015,Number,232259,NA
17,Illinois,Insured,Other / Multiple Races,2015,Percent,0.96589,0.013386
17,Illinois,Medicaid/CHIP,Other / Multiple Races,2015,Percent,0.24778,0.032646
17,Illinois,Medicaid/CHIP,Other / Multiple Races,2015,Number,59581,NA
17,Illinois,Medicare,Other / Multiple Races,2015,Percent,0.06451,0.015554
17,Illinois,Medicare,Other / Multiple Races,2015,Number,15513,NA
17,Illinois,Private,Other / Multiple Races,2015,Number,157165,NA
17,Illinois,Private,Other / Multiple Races,2015,Percent,0.6536,0.036426
17,Illinois,Public,Other / Multiple Races,2015,Percent,0.31229,0.034798
17,Illinois,Public,Other / Multiple Races,2015,Number,75094,NA
17,Illinois,Uninsured,Other / Multiple Races,2015,Percent,0.03411,0.013386
17,Illinois,Uninsured,Other / Multiple Races,2015,Number,8203,NA
17,Illinois,Employer,White,2015,Percent,0.59715,0.005313
17,Illinois,Employer,White,2015,Number,4694207,NA
17,Illinois,Individual,White,2015,Number,617476,NA
17,Illinois,Individual,White,2015,Percent,0.07855,0.003248
17,Illinois,Insured,White,2015,Percent,0.95929,0.002519
17,Illinois,Insured,White,2015,Number,7540960,NA
17,Illinois,Medicaid/CHIP,White,2015,Percent,0.09643,0.003784
17,Illinois,Medicaid/CHIP,White,2015,Number,758067,NA
17,Illinois,Medicare,White,2015,Percent,0.18715,0.001327
17,Illinois,Medicare,White,2015,Number,1471210,NA
17,Illinois,Private,White,2015,Number,5311683,NA
17,Illinois,Private,White,2015,Percent,0.6757,0.004633
17,Illinois,Public,White,2015,Percent,0.28359,0.004082
17,Illinois,Public,White,2015,Number,2229277,NA
17,Illinois,Uninsured,White,2015,Percent,0.04071,0.002519
17,Illinois,Uninsured,White,2015,Number,320048,NA
17,Illinois,Employer,African-American / Black,2016,Percent,0.41293,0.013624
17,Illinois,Employer,African-American / Black,2016,Number,718764,NA
17,Illinois,Individual,African-American / Black,2016,Percent,0.03782,0.005807
17,Illinois,Individual,African-American / Black,2016,Number,65833,NA
17,Illinois,Insured,African-American / Black,2016,Percent,0.93213,0.00662
17,Illinois,Insured,African-American / Black,2016,Number,1622492,NA
17,Illinois,Medicaid/CHIP,African-American / Black,2016,Number,581373,NA
17,Illinois,Medicaid/CHIP,African-American / Black,2016,Percent,0.334,0.012841
17,Illinois,Medicare,African-American / Black,2016,Number,256522,NA
17,Illinois,Medicare,African-American / Black,2016,Percent,0.14737,0.003929
17,Illinois,Private,African-American / Black,2016,Percent,0.45076,0.014591
17,Illinois,Private,African-American / Black,2016,Number,784597,NA
17,Illinois,Public,African-American / Black,2016,Number,837895,NA
17,Illinois,Public,African-American / Black,2016,Percent,0.48138,0.013753
17,Illinois,Uninsured,African-American / Black,2016,Percent,0.06787,0.00662
17,Illinois,Uninsured,African-American / Black,2016,Number,118131,NA
17,Illinois,Employer,American Indian / Alaska Native,2016,Percent,0.44015,0.102174
17,Illinois,Employer,American Indian / Alaska Native,2016,Number,5670,NA
17,Illinois,Individual,American Indian / Alaska Native,2016,Percent,0.0378,0.035346
17,Illinois,Individual,American Indian / Alaska Native,2016,Number,487,NA
17,Illinois,Insured,American Indian / Alaska Native,2016,Number,11158,NA
17,Illinois,Insured,American Indian / Alaska Native,2016,Percent,0.86617,0.080776
17,Illinois,Medicaid/CHIP,American Indian / Alaska Native,2016,Percent,0.18941,0.078464
17,Illinois,Medicaid/CHIP,American Indian / Alaska Native,2016,Number,2440,NA
17,Illinois,Medicare,American Indian / Alaska Native,2016,Percent,0.1988,0.073192
17,Illinois,Medicare,American Indian / Alaska Native,2016,Number,2561,NA
17,Illinois,Private,American Indian / Alaska Native,2016,Percent,0.47795,0.097586
17,Illinois,Private,American Indian / Alaska Native,2016,Number,6157,NA
17,Illinois,Public,American Indian / Alaska Native,2016,Percent,0.38822,0.090204
17,Illinois,Public,American Indian / Alaska Native,2016,Number,5001,NA
17,Illinois,Uninsured,American Indian / Alaska Native,2016,Percent,0.13383,0.080777
17,Illinois,Uninsured,American Indian / Alaska Native,2016,Number,1724,NA
17,Illinois,Employer,Asian,2016,Number,403023,NA
17,Illinois,Employer,Asian,2016,Percent,0.59911,0.024141
17,Illinois,Individual,Asian,2016,Number,78811,NA
17,Illinois,Individual,Asian,2016,Percent,0.11716,0.013221
17,Illinois,Insured,Asian,2016,Number,628686,NA
17,Illinois,Insured,Asian,2016,Percent,0.93457,0.008662
17,Illinois,Medicaid/CHIP,Asian,2016,Number,70433,NA
17,Illinois,Medicaid/CHIP,Asian,2016,Percent,0.1047,0.015901
17,Illinois,Medicare,Asian,2016,Percent,0.1136,0.006606
17,Illinois,Medicare,Asian,2016,Number,76419,NA
17,Illinois,Private,Asian,2016,Number,481834,NA
17,Illinois,Private,Asian,2016,Percent,0.71627,0.019857
17,Illinois,Public,Asian,2016,Percent,0.2183,0.017616
17,Illinois,Public,Asian,2016,Number,146852,NA
17,Illinois,Uninsured,Asian,2016,Number,44017,NA
17,Illinois,Uninsured,Asian,2016,Percent,0.06543,0.008662
17,Illinois,Employer,Hispanic / Latino,2016,Percent,0.45478,0.015091
17,Illinois,Employer,Hispanic / Latino,2016,Number,983782,NA
17,Illinois,Individual,Hispanic / Latino,2016,Number,102223,NA
17,Illinois,Individual,Hispanic / Latino,2016,Percent,0.04726,0.004668
17,Illinois,Insured,Hispanic / Latino,2016,Number,1825947,NA
17,Illinois,Insured,Hispanic / Latino,2016,Percent,0.8441,0.008189
17,Illinois,Medicaid/CHIP,Hispanic / Latino,2016,Number,605536,NA
17,Illinois,Medicaid/CHIP,Hispanic / Latino,2016,Percent,0.27993,0.012163
17,Illinois,Medicare,Hispanic / Latino,2016,Percent,0.06213,0.003401
17,Illinois,Medicare,Hispanic / Latino,2016,Number,134406,NA
17,Illinois,Private,Hispanic / Latino,2016,Percent,0.50204,0.015026
17,Illinois,Private,Hispanic / Latino,2016,Number,1086005,NA
17,Illinois,Public,Hispanic / Latino,2016,Percent,0.34206,0.012686
17,Illinois,Public,Hispanic / Latino,2016,Number,739942,NA
17,Illinois,Uninsured,Hispanic / Latino,2016,Percent,0.1559,0.008189
17,Illinois,Uninsured,Hispanic / Latino,2016,Number,337240,NA
17,Illinois,Employer,Native Hawaiian and Other Pacific Islander,2016,Percent,NA,NA
17,Illinois,Employer,Native Hawaiian and Other Pacific Islander,2016,Number,NA,NA
17,Illinois,Individual,Native Hawaiian and Other Pacific Islander,2016,Percent,NA,NA
17,Illinois,Individual,Native Hawaiian and Other Pacific Islander,2016,Number,NA,NA
17,Illinois,Insured,Native Hawaiian and Other Pacific Islander,2016,Percent,NA,NA
17,Illinois,Insured,Native Hawaiian and Other Pacific Islander,2016,Number,NA,NA
17,Illinois,Medicaid/CHIP,Native Hawaiian and Other Pacific Islander,2016,Number,NA,NA
17,Illinois,Medicaid/CHIP,Native Hawaiian and Other Pacific Islander,2016,Percent,NA,NA
17,Illinois,Medicare,Native Hawaiian and Other Pacific Islander,2016,Number,NA,NA
17,Illinois,Medicare,Native Hawaiian and Other Pacific Islander,2016,Percent,NA,NA
17,Illinois,Private,Native Hawaiian and Other Pacific Islander,2016,Percent,NA,NA
17,Illinois,Private,Native Hawaiian and Other Pacific Islander,2016,Number,NA,NA
17,Illinois,Public,Native Hawaiian and Other Pacific Islander,2016,Number,NA,NA
17,Illinois,Public,Native Hawaiian and Other Pacific Islander,2016,Percent,NA,NA
17,Illinois,Uninsured,Native Hawaiian and Other Pacific Islander,2016,Percent,NA,NA
17,Illinois,Uninsured,Native Hawaiian and Other Pacific Islander,2016,Number,NA,NA
17,Illinois,Employer,Other / Multiple Races,2016,Percent,0.53109,0.032207
17,Illinois,Employer,Other / Multiple Races,2016,Number,129769,NA
17,Illinois,Individual,Other / Multiple Races,2016,Number,14608,NA
17,Illinois,Individual,Other / Multiple Races,2016,Percent,0.05978,0.013605
17,Illinois,Insured,Other / Multiple Races,2016,Percent,0.94395,0.014065
17,Illinois,Insured,Other / Multiple Races,2016,Number,230649,NA
17,Illinois,Medicaid/CHIP,Other / Multiple Races,2016,Number,69136,NA
17,Illinois,Medicaid/CHIP,Other / Multiple Races,2016,Percent,0.28295,0.030464
17,Illinois,Medicare,Other / Multiple Races,2016,Percent,0.07013,0.013584
17,Illinois,Medicare,Other / Multiple Races,2016,Number,17136,NA
17,Illinois,Private,Other / Multiple Races,2016,Percent,0.59088,0.031093
17,Illinois,Private,Other / Multiple Races,2016,Number,144377,NA
17,Illinois,Public,Other / Multiple Races,2016,Number,86272,NA
17,Illinois,Public,Other / Multiple Races,2016,Percent,0.35308,0.028177
17,Illinois,Uninsured,Other / Multiple Races,2016,Percent,0.05605,0.014065
17,Illinois,Uninsured,Other / Multiple Races,2016,Number,13695,NA
17,Illinois,Employer,White,2016,Percent,0.59505,0.004279
17,Illinois,Employer,White,2016,Number,4642824,NA
17,Illinois,Individual,White,2016,Percent,0.07635,0.002715
17,Illinois,Individual,White,2016,Number,595719,NA
17,Illinois,Insured,White,2016,Percent,0.96066,0.002454
17,Illinois,Insured,White,2016,Number,7495430,NA
17,Illinois,Medicaid/CHIP,White,2016,Percent,0.09708,0.003269
17,Illinois,Medicaid/CHIP,White,2016,Number,757472,NA
17,Illinois,Medicare,White,2016,Number,1499415,NA
17,Illinois,Medicare,White,2016,Percent,0.19217,0.001417
17,Illinois,Private,White,2016,Percent,0.6714,0.004376
17,Illinois,Private,White,2016,Number,5238543,NA
17,Illinois,Public,White,2016,Number,2256887,NA
17,Illinois,Public,White,2016,Percent,0.28926,0.003831
17,Illinois,Uninsured,White,2016,Number,306950,NA
17,Illinois,Uninsured,White,2016,Percent,0.03934,0.002454
17,Illinois,Employer,African-American / Black,2017,Percent,0.40452,0.01604
17,Illinois,Employer,African-American / Black,2017,Number,698086,NA
17,Illinois,Individual,African-American / Black,2017,Percent,0.03355,0.004576
17,Illinois,Individual,African-American / Black,2017,Number,57902,NA
17,Illinois,Insured,African-American / Black,2017,Number,1599322,NA
17,Illinois,Insured,African-American / Black,2017,Percent,0.92676,0.006642
17,Illinois,Medicaid/CHIP,African-American / Black,2017,Percent,0.33675,0.013671
17,Illinois,Medicaid/CHIP,African-American / Black,2017,Number,581130,NA
17,Illinois,Medicare,African-American / Black,2017,Number,262204,NA
17,Illinois,Medicare,African-American / Black,2017,Percent,0.15194,0.005395
17,Illinois,Private,African-American / Black,2017,Number,755988,NA
17,Illinois,Private,African-American / Black,2017,Percent,0.43807,0.015683
17,Illinois,Public,African-American / Black,2017,Number,843334,NA
17,Illinois,Public,African-American / Black,2017,Percent,0.48868,0.014499
17,Illinois,Uninsured,African-American / Black,2017,Percent,0.07324,0.006642
17,Illinois,Uninsured,African-American / Black,2017,Number,126400,NA
17,Illinois,Employer,American Indian / Alaska Native,2017,Percent,0.48875999999999997,0.131387
17,Illinois,Employer,American Indian / Alaska Native,2017,Number,5068,NA
17,Illinois,Individual,American Indian / Alaska Native,2017,Number,627,NA
17,Illinois,Individual,American Indian / Alaska Native,2017,Percent,0.06047,0.059323
17,Illinois,Insured,American Indian / Alaska Native,2017,Number,9726,NA
17,Illinois,Insured,American Indian / Alaska Native,2017,Percent,0.93799,0.064521
17,Illinois,Medicaid/CHIP,American Indian / Alaska Native,2017,Percent,0.15855,0.086944
17,Illinois,Medicaid/CHIP,American Indian / Alaska Native,2017,Number,1644,NA
17,Illinois,Medicare,American Indian / Alaska Native,2017,Number,2387,NA
17,Illinois,Medicare,American Indian / Alaska Native,2017,Percent,0.23021,0.106378
17,Illinois,Private,American Indian / Alaska Native,2017,Number,5695,NA
17,Illinois,Private,American Indian / Alaska Native,2017,Percent,0.54923,0.140993
17,Illinois,Public,American Indian / Alaska Native,2017,Number,4031,NA
17,Illinois,Public,American Indian / Alaska Native,2017,Percent,0.38875,0.131356
17,Illinois,Uninsured,American Indian / Alaska Native,2017,Percent,0.06201,0.064521
17,Illinois,Uninsured,American Indian / Alaska Native,2017,Number,643,NA
17,Illinois,Employer,Asian,2017,Number,421775,NA
17,Illinois,Employer,Asian,2017,Percent,0.61074,0.021066
17,Illinois,Individual,Asian,2017,Number,75821,NA
17,Illinois,Individual,Asian,2017,Percent,0.10979,0.012528
17,Illinois,Insured,Asian,2017,Number,651441,NA
17,Illinois,Insured,Asian,2017,Percent,0.9433,0.009933
17,Illinois,Medicaid/CHIP,Asian,2017,Percent,0.11092,0.01621
17,Illinois,Medicaid/CHIP,Asian,2017,Number,76602,NA
17,Illinois,Medicare,Asian,2017,Percent,0.11185,0.007266
17,Illinois,Medicare,Asian,2017,Number,77243,NA
17,Illinois,Private,Asian,2017,Number,497596,NA
17,Illinois,Private,Asian,2017,Percent,0.72053,0.020978
17,Illinois,Public,Asian,2017,Percent,0.22277,0.018783
17,Illinois,Public,Asian,2017,Number,153845,NA
17,Illinois,Uninsured,Asian,2017,Number,39157,NA
17,Illinois,Uninsured,Asian,2017,Percent,0.0567,0.009933
17,Illinois,Employer,Hispanic / Latino,2017,Number,1003687,NA
17,Illinois,Employer,Hispanic / Latino,2017,Percent,0.45821,0.016427
17,Illinois,Individual,Hispanic / Latino,2017,Percent,0.04607,0.005711
17,Illinois,Individual,Hispanic / Latino,2017,Number,100923,NA
17,Illinois,Insured,Hispanic / Latino,2017,Percent,0.83952,0.01018
17,Illinois,Insured,Hispanic / Latino,2017,Number,1838948,NA
17,Illinois,Medicaid/CHIP,Hispanic / Latino,2017,Number,589138,NA
17,Illinois,Medicaid/CHIP,Hispanic / Latino,2017,Percent,0.26895,0.012531
17,Illinois,Medicare,Hispanic / Latino,2017,Percent,0.06629,0.002865
17,Illinois,Medicare,Hispanic / Latino,2017,Number,145200,NA
17,Illinois,Private,Hispanic / Latino,2017,Percent,0.50428,0.016191
17,Illinois,Private,Hispanic / Latino,2017,Number,1104610,NA
17,Illinois,Public,Hispanic / Latino,2017,Number,734338,NA
17,Illinois,Public,Hispanic / Latino,2017,Percent,0.33524,0.012553
17,Illinois,Uninsured,Hispanic / Latino,2017,Percent,0.16048,0.01018
17,Illinois,Uninsured,Hispanic / Latino,2017,Number,351525,NA
17,Illinois,Employer,Native Hawaiian and Other Pacific Islander,2017,Percent,NA,NA
17,Illinois,Employer,Native Hawaiian and Other Pacific Islander,2017,Number,NA,NA
17,Illinois,Individual,Native Hawaiian and Other Pacific Islander,2017,Number,NA,NA
17,Illinois,Individual,Native Hawaiian and Other Pacific Islander,2017,Percent,NA,NA
17,Illinois,Insured,Native Hawaiian and Other Pacific Islander,2017,Percent,NA,NA
17,Illinois,Insured,Native Hawaiian and Other Pacific Islander,2017,Number,NA,NA
17,Illinois,Medicaid/CHIP,Native Hawaiian and Other Pacific Islander,2017,Number,NA,NA
17,Illinois,Medicaid/CHIP,Native Hawaiian and Other Pacific Islander,2017,Percent,NA,NA
17,Illinois,Medicare,Native Hawaiian and Other Pacific Islander,2017,Percent,NA,NA
17,Illinois,Medicare,Native Hawaiian and Other Pacific Islander,2017,Number,NA,NA
17,Illinois,Private,Native Hawaiian and Other Pacific Islander,2017,Number,NA,NA
17,Illinois,Private,Native Hawaiian and Other Pacific Islander,2017,Percent,NA,NA
17,Illinois,Public,Native Hawaiian and Other Pacific Islander,2017,Percent,NA,NA
17,Illinois,Public,Native Hawaiian and Other Pacific Islander,2017,Number,NA,NA
17,Illinois,Uninsured,Native Hawaiian and Other Pacific Islander,2017,Number,NA,NA
17,Illinois,Uninsured,Native Hawaiian and Other Pacific Islander,2017,Percent,NA,NA
17,Illinois,Employer,Other / Multiple Races,2017,Number,155395,NA
17,Illinois,Employer,Other / Multiple Races,2017,Percent,0.5883,0.032757
17,Illinois,Individual,Other / Multiple Races,2017,Number,13819,NA
17,Illinois,Individual,Other / Multiple Races,2017,Percent,0.05232,0.013512
17,Illinois,Insured,Other / Multiple Races,2017,Percent,0.93355,0.017321
17,Illinois,Insured,Other / Multiple Races,2017,Number,246592,NA
17,Illinois,Medicaid/CHIP,Other / Multiple Races,2017,Percent,0.23435,0.030357
17,Illinois,Medicaid/CHIP,Other / Multiple Races,2017,Number,61902,NA
17,Illinois,Medicare,Other / Multiple Races,2017,Percent,0.05859,0.010217
17,Illinois,Medicare,Other / Multiple Races,2017,Number,15476,NA
17,Illinois,Private,Other / Multiple Races,2017,Percent,0.64061,0.034135
17,Illinois,Private,Other / Multiple Races,2017,Number,169214,NA
17,Illinois,Public,Other / Multiple Races,2017,Percent,0.29294,0.030885
17,Illinois,Public,Other / Multiple Races,2017,Number,77378,NA
17,Illinois,Uninsured,Other / Multiple Races,2017,Number,17552,NA
17,Illinois,Uninsured,Other / Multiple Races,2017,Percent,0.06645,0.017321
17,Illinois,Employer,White,2017,Percent,0.59573,0.005848
17,Illinois,Employer,White,2017,Number,4619061,NA
17,Illinois,Individual,White,2017,Percent,0.06841,0.002418
17,Illinois,Individual,White,2017,Number,530433,NA
17,Illinois,Insured,White,2017,Percent,0.95778,0.002424
17,Illinois,Insured,White,2017,Number,7426314,NA
17,Illinois,Medicaid/CHIP,White,2017,Percent,0.09551,0.004535
17,Illinois,Medicaid/CHIP,White,2017,Number,740530,NA
17,Illinois,Medicare,White,2017,Number,1536290,NA
17,Illinois,Medicare,White,2017,Percent,0.19814,0.001394
17,Illinois,Private,White,2017,Number,5149494,NA
17,Illinois,Private,White,2017,Percent,0.66414,0.005604
17,Illinois,Public,White,2017,Percent,0.29364,0.004835
17,Illinois,Public,White,2017,Number,2276820,NA
17,Illinois,Uninsured,White,2017,Percent,0.04222,0.002424
17,Illinois,Uninsured,White,2017,Number,327351,NA
17,Illinois,Employer,African-American / Black,2018,Percent,0.42168,0.015629
17,Illinois,Employer,African-American / Black,2018,Number,717889,NA
17,Illinois,Individual,African-American / Black,2018,Number,60173,NA
17,Illinois,Individual,African-American / Black,2018,Percent,0.03535,0.004819
17,Illinois,Insured,African-American / Black,2018,Number,1558118,NA
17,Illinois,Insured,African-American / Black,2018,Percent,0.91522,0.007635
17,Illinois,Medicaid/CHIP,African-American / Black,2018,Percent,0.3025,0.013589
17,Illinois,Medicaid/CHIP,African-American / Black,2018,Number,514990,NA
17,Illinois,Medicare,African-American / Black,2018,Number,265066,NA
17,Illinois,Medicare,African-American / Black,2018,Percent,0.1557,0.004794
17,Illinois,Private,African-American / Black,2018,Percent,0.45703,0.014627
17,Illinois,Private,African-American / Black,2018,Number,778062,NA
17,Illinois,Public,African-American / Black,2018,Number,780056,NA
17,Illinois,Public,African-American / Black,2018,Percent,0.4582,0.014558
17,Illinois,Uninsured,African-American / Black,2018,Number,144329,NA
17,Illinois,Uninsured,African-American / Black,2018,Percent,0.08478,0.007635
17,Illinois,Employer,American Indian / Alaska Native,2018,Percent,0.49685,0.149497
17,Illinois,Employer,American Indian / Alaska Native,2018,Number,7424,NA
17,Illinois,Individual,American Indian / Alaska Native,2018,Percent,NA,NA
17,Illinois,Individual,American Indian / Alaska Native,2018,Number,NA,NA
17,Illinois,Insured,American Indian / Alaska Native,2018,Percent,0.95991,0.045983
17,Illinois,Insured,American Indian / Alaska Native,2018,Number,14343,NA
17,Illinois,Medicaid/CHIP,American Indian / Alaska Native,2018,Percent,0.27393,0.145561
17,Illinois,Medicaid/CHIP,American Indian / Alaska Native,2018,Number,4093,NA
17,Illinois,Medicare,American Indian / Alaska Native,2018,Percent,0.16745,0.083432
17,Illinois,Medicare,American Indian / Alaska Native,2018,Number,2502,NA
17,Illinois,Private,American Indian / Alaska Native,2018,Number,7748,NA
17,Illinois,Private,American Indian / Alaska Native,2018,Percent,0.51854,0.146301
17,Illinois,Public,American Indian / Alaska Native,2018,Percent,0.44137,0.146003
17,Illinois,Public,American Indian / Alaska Native,2018,Number,6595,NA
17,Illinois,Uninsured,American Indian / Alaska Native,2018,Number,NA,NA
17,Illinois,Uninsured,American Indian / Alaska Native,2018,Percent,NA,NA
17,Illinois,Employer,Asian,2018,Percent,0.60223,0.020255
17,Illinois,Employer,Asian,2018,Number,429063,NA
17,Illinois,Individual,Asian,2018,Number,79788,NA
17,Illinois,Individual,Asian,2018,Percent,0.11199,0.01203
17,Illinois,Insured,Asian,2018,Number,664460,NA
17,Illinois,Insured,Asian,2018,Percent,0.93263,0.010911
17,Illinois,Medicaid/CHIP,Asian,2018,Number,73222,NA
17,Illinois,Medicaid/CHIP,Asian,2018,Percent,0.10277,0.013749
17,Illinois,Medicare,Asian,2018,Percent,0.11564,0.007087
17,Illinois,Medicare,Asian,2018,Number,82387,NA
17,Illinois,Private,Asian,2018,Number,508851,NA
17,Illinois,Private,Asian,2018,Percent,0.71422,0.018429
17,Illinois,Public,Asian,2018,Percent,0.21841,0.015834
17,Illinois,Public,Asian,2018,Number,155609,NA
17,Illinois,Uninsured,Asian,2018,Number,48001,NA
17,Illinois,Uninsured,Asian,2018,Percent,0.06737,0.010911
17,Illinois,Employer,Hispanic / Latino,2018,Percent,0.48221,0.014202
17,Illinois,Employer,Hispanic / Latino,2018,Number,1058625,NA
17,Illinois,Individual,Hispanic / Latino,2018,Percent,0.0351,0.004613
17,Illinois,Individual,Hispanic / Latino,2018,Number,77065,NA
17,Illinois,Insured,Hispanic / Latino,2018,Percent,0.84692,0.009725
17,Illinois,Insured,Hispanic / Latino,2018,Number,1859275,NA
17,Illinois,Medicaid/CHIP,Hispanic / Latino,2018,Percent,0.25996,0.01097
17,Illinois,Medicaid/CHIP,Hispanic / Latino,2018,Number,570703,NA
17,Illinois,Medicare,Hispanic / Latino,2018,Percent,0.06964,0.003641
17,Illinois,Medicare,Hispanic / Latino,2018,Number,152882,NA
17,Illinois,Private,Hispanic / Latino,2018,Percent,0.51732,0.014486
17,Illinois,Private,Hispanic / Latino,2018,Number,1135690,NA
17,Illinois,Public,Hispanic / Latino,2018,Percent,0.3296,0.011635
17,Illinois,Public,Hispanic / Latino,2018,Number,723585,NA
17,Illinois,Uninsured,Hispanic / Latino,2018,Number,336072,NA
17,Illinois,Uninsured,Hispanic / Latino,2018,Percent,0.15308,0.009725
17,Illinois,Employer,Native Hawaiian and Other Pacific Islander,2018,Number,NA,NA
17,Illinois,Employer,Native Hawaiian and Other Pacific Islander,2018,Percent,NA,NA
17,Illinois,Individual,Native Hawaiian and Other Pacific Islander,2018,Number,NA,NA
17,Illinois,Individual,Native Hawaiian and Other Pacific Islander,2018,Percent,NA,NA
17,Illinois,Insured,Native Hawaiian and Other Pacific Islander,2018,Percent,NA,NA
17,Illinois,Insured,Native Hawaiian and Other Pacific Islander,2018,Number,NA,NA
17,Illinois,Medicaid/CHIP,Native Hawaiian and Other Pacific Islander,2018,Percent,NA,NA
17,Illinois,Medicaid/CHIP,Native Hawaiian and Other Pacific Islander,2018,Number,NA,NA
17,Illinois,Medicare,Native Hawaiian and Other Pacific Islander,2018,Percent,NA,NA
17,Illinois,Medicare,Native Hawaiian and Other Pacific Islander,2018,Number,NA,NA
17,Illinois,Private,Native Hawaiian and Other Pacific Islander,2018,Number,NA,NA
17,Illinois,Private,Native Hawaiian and Other Pacific Islander,2018,Percent,NA,NA
17,Illinois,Public,Native Hawaiian and Other Pacific Islander,2018,Percent,NA,NA
17,Illinois,Public,Native Hawaiian and Other Pacific Islander,2018,Number,NA,NA
17,Illinois,Uninsured,Native Hawaiian and Other Pacific Islander,2018,Percent,NA,NA
17,Illinois,Uninsured,Native Hawaiian and Other Pacific Islander,2018,Number,NA,NA
17,Illinois,Employer,Other / Multiple Races,2018,Percent,0.56584,0.033368
17,Illinois,Employer,Other / Multiple Races,2018,Number,156669,NA
17,Illinois,Individual,Other / Multiple Races,2018,Number,16706,NA
17,Illinois,Individual,Other / Multiple Races,2018,Percent,0.06034,0.018199
17,Illinois,Insured,Other / Multiple Races,2018,Percent,0.94184,0.013423
17,Illinois,Insured,Other / Multiple Races,2018,Number,260774,NA
17,Illinois,Medicaid/CHIP,Other / Multiple Races,2018,Number,68766,NA
17,Illinois,Medicaid/CHIP,Other / Multiple Races,2018,Percent,0.24836,0.030173
17,Illinois,Medicare,Other / Multiple Races,2018,Percent,0.0673,0.01215
17,Illinois,Medicare,Other / Multiple Races,2018,Number,18633,NA
17,Illinois,Private,Other / Multiple Races,2018,Percent,0.62618,0.036322
17,Illinois,Private,Other / Multiple Races,2018,Number,173375,NA
17,Illinois,Public,Other / Multiple Races,2018,Number,87399,NA
17,Illinois,Public,Other / Multiple Races,2018,Percent,0.31566,0.031791
17,Illinois,Uninsured,Other / Multiple Races,2018,Percent,0.05816,0.013423
17,Illinois,Uninsured,Other / Multiple Races,2018,Number,16103,NA
17,Illinois,Employer,White,2018,Number,4612240,NA
17,Illinois,Employer,White,2018,Percent,0.60084,0.00458
17,Illinois,Individual,White,2018,Percent,0.06365,0.002749
17,Illinois,Individual,White,2018,Number,488630,NA
17,Illinois,Insured,White,2018,Number,7336146,NA
17,Illinois,Insured,White,2018,Percent,0.95568,0.002305
17,Illinois,Medicaid/CHIP,White,2018,Percent,0.08857,0.003301
17,Illinois,Medicaid/CHIP,White,2018,Number,679889,NA
17,Illinois,Medicare,White,2018,Number,1555387,NA
17,Illinois,Medicare,White,2018,Percent,0.20262,0.001283
17,Illinois,Private,White,2018,Percent,0.66449,0.004
17,Illinois,Private,White,2018,Number,5100870,NA
17,Illinois,Public,White,2018,Percent,0.29119,0.003673
17,Illinois,Public,White,2018,Number,2235276,NA
17,Illinois,Uninsured,White,2018,Number,340220,NA
17,Illinois,Uninsured,White,2018,Percent,0.04432,0.002305
17,Illinois,Employer,African-American / Black,2019,Number,709275,NA
17,Illinois,Employer,African-American / Black,2019,Percent,0.41641,0.016993
17,Illinois,Individual,African-American / Black,2019,Number,54184,NA
17,Illinois,Individual,African-American / Black,2019,Percent,0.03181,0.004141
17,Illinois,Insured,African-American / Black,2019,Number,1553533,NA
17,Illinois,Insured,African-American / Black,2019,Percent,0.91207,0.009007
17,Illinois,Medicaid/CHIP,African-American / Black,2019,Percent,0.29672,0.015922
17,Illinois,Medicaid/CHIP,African-American / Black,2019,Number,505405,NA
17,Illinois,Medicare,African-American / Black,2019,Percent,0.16713,0.005517
17,Illinois,Medicare,African-American / Black,2019,Number,284669,NA
17,Illinois,Private,African-American / Black,2019,Percent,0.44822,0.016958
17,Illinois,Private,African-American / Black,2019,Number,763459,NA
17,Illinois,Public,African-American / Black,2019,Percent,0.46385,0.015675
17,Illinois,Public,African-American / Black,2019,Number,790074,NA
17,Illinois,Uninsured,African-American / Black,2019,Number,149765,NA
17,Illinois,Uninsured,African-American / Black,2019,Percent,0.08793,0.009007
17,Illinois,Employer,American Indian / Alaska Native,2019,Percent,0.58578,0.115837
17,Illinois,Employer,American Indian / Alaska Native,2019,Number,6655,NA
17,Illinois,Individual,American Indian / Alaska Native,2019,Number,NA,NA
17,Illinois,Individual,American Indian / Alaska Native,2019,Percent,NA,NA
17,Illinois,Insured,American Indian / Alaska Native,2019,Number,10724,NA
17,Illinois,Insured,American Indian / Alaska Native,2019,Percent,0.94393,0.065793
17,Illinois,Medicaid/CHIP,American Indian / Alaska Native,2019,Percent,0.24804,0.110787
17,Illinois,Medicaid/CHIP,American Indian / Alaska Native,2019,Number,2818,NA
17,Illinois,Medicare,American Indian / Alaska Native,2019,Number,957,NA
17,Illinois,Medicare,American Indian / Alaska Native,2019,Percent,0.08424,0.059334
17,Illinois,Private,American Indian / Alaska Native,2019,Number,6949,NA
17,Illinois,Private,American Indian / Alaska Native,2019,Percent,0.61165,0.111058
17,Illinois,Public,American Indian / Alaska Native,2019,Number,3775,NA
17,Illinois,Public,American Indian / Alaska Native,2019,Percent,0.33228,0.108595
17,Illinois,Uninsured,American Indian / Alaska Native,2019,Number,NA,NA
17,Illinois,Uninsured,American Indian / Alaska Native,2019,Percent,NA,NA
17,Illinois,Employer,Asian,2019,Number,444283,NA
17,Illinois,Employer,Asian,2019,Percent,0.62819,0.019818
17,Illinois,Individual,Asian,2019,Percent,0.08684,0.010236
17,Illinois,Individual,Asian,2019,Number,61419,NA
17,Illinois,Insured,Asian,2019,Number,663602,NA
17,Illinois,Insured,Asian,2019,Percent,0.93829,0.010774
17,Illinois,Medicaid/CHIP,Asian,2019,Number,67311,NA
17,Illinois,Medicaid/CHIP,Asian,2019,Percent,0.09517,0.013562
17,Illinois,Medicare,Asian,2019,Percent,0.12809,0.005585
17,Illinois,Medicare,Asian,2019,Number,90589,NA
17,Illinois,Private,Asian,2019,Number,505702,NA
17,Illinois,Private,Asian,2019,Percent,0.71503,0.017952
17,Illinois,Public,Asian,2019,Percent,0.22326,0.015379
17,Illinois,Public,Asian,2019,Number,157900,NA
17,Illinois,Uninsured,Asian,2019,Percent,0.06171,0.010774
17,Illinois,Uninsured,Asian,2019,Number,43641,NA
17,Illinois,Employer,Hispanic / Latino,2019,Percent,0.5019,0.014391
17,Illinois,Employer,Hispanic / Latino,2019,Number,1104192,NA
17,Illinois,Individual,Hispanic / Latino,2019,Percent,0.03653,0.005475
17,Illinois,Individual,Hispanic / Latino,2019,Number,80377,NA
17,Illinois,Insured,Hispanic / Latino,2019,Number,1860525,NA
17,Illinois,Insured,Hispanic / Latino,2019,Percent,0.84569,0.010392
17,Illinois,Medicaid/CHIP,Hispanic / Latino,2019,Percent,0.23447,0.012946
17,Illinois,Medicaid/CHIP,Hispanic / Latino,2019,Number,515845,NA
17,Illinois,Medicare,Hispanic / Latino,2019,Percent,0.07278,0.00362
17,Illinois,Medicare,Hispanic / Latino,2019,Number,160111,NA
17,Illinois,Private,Hispanic / Latino,2019,Percent,0.53844,0.01503
17,Illinois,Private,Hispanic / Latino,2019,Number,1184569,NA
17,Illinois,Public,Hispanic / Latino,2019,Number,675956,NA
17,Illinois,Public,Hispanic / Latino,2019,Percent,0.30725,0.012545
17,Illinois,Uninsured,Hispanic / Latino,2019,Number,339492,NA
17,Illinois,Uninsured,Hispanic / Latino,2019,Percent,0.15431,0.010392
17,Illinois,Employer,Native Hawaiian and Other Pacific Islander,2019,Percent,NA,NA
17,Illinois,Employer,Native Hawaiian and Other Pacific Islander,2019,Number,NA,NA
17,Illinois,Individual,Native Hawaiian and Other Pacific Islander,2019,Number,NA,NA
17,Illinois,Individual,Native Hawaiian and Other Pacific Islander,2019,Percent,NA,NA
17,Illinois,Insured,Native Hawaiian and Other Pacific Islander,2019,Percent,NA,NA
17,Illinois,Insured,Native Hawaiian and Other Pacific Islander,2019,Number,NA,NA
17,Illinois,Medicaid/CHIP,Native Hawaiian and Other Pacific Islander,2019,Percent,NA,NA
17,Illinois,Medicaid/CHIP,Native Hawaiian and Other Pacific Islander,2019,Number,NA,NA
17,Illinois,Medicare,Native Hawaiian and Other Pacific Islander,2019,Number,NA,NA
17,Illinois,Medicare,Native Hawaiian and Other Pacific Islander,2019,Percent,NA,NA
17,Illinois,Private,Native Hawaiian and Other Pacific Islander,2019,Number,NA,NA
17,Illinois,Private,Native Hawaiian and Other Pacific Islander,2019,Percent,NA,NA
17,Illinois,Public,Native Hawaiian and Other Pacific Islander,2019,Number,NA,NA
17,Illinois,Public,Native Hawaiian and Other Pacific Islander,2019,Percent,NA,NA
17,Illinois,Uninsured,Native Hawaiian and Other Pacific Islander,2019,Number,NA,NA
17,Illinois,Uninsured,Native Hawaiian and Other Pacific Islander,2019,Percent,NA,NA
17,Illinois,Employer,Other / Multiple Races,2019,Percent,0.62332,0.034999
17,Illinois,Employer,Other / Multiple Races,2019,Number,172697,NA
17,Illinois,Individual,Other / Multiple Races,2019,Number,14377,NA
17,Illinois,Individual,Other / Multiple Races,2019,Percent,0.05189,0.012424
17,Illinois,Insured,Other / Multiple Races,2019,Percent,0.9459,0.013263
17,Illinois,Insured,Other / Multiple Races,2019,Number,262071,NA
17,Illinois,Medicaid/CHIP,Other / Multiple Races,2019,Number,61580,NA
17,Illinois,Medicaid/CHIP,Other / Multiple Races,2019,Percent,0.22226,0.031501
17,Illinois,Medicare,Other / Multiple Races,2019,Percent,0.04843,0.011264
17,Illinois,Medicare,Other / Multiple Races,2019,Number,13417,NA
17,Illinois,Private,Other / Multiple Races,2019,Percent,0.67521,0.033518
17,Illinois,Private,Other / Multiple Races,2019,Number,187074,NA
17,Illinois,Public,Other / Multiple Races,2019,Number,74997,NA
17,Illinois,Public,Other / Multiple Races,2019,Percent,0.27069,0.032729
17,Illinois,Uninsured,Other / Multiple Races,2019,Percent,0.0541,0.013263
17,Illinois,Uninsured,Other / Multiple Races,2019,Number,14989,NA
17,Illinois,Employer,White,2019,Percent,0.59571,0.004724
17,Illinois,Employer,White,2019,Number,4534057,NA
17,Illinois,Individual,White,2019,Number,448019,NA
17,Illinois,Individual,White,2019,Percent,0.05886,0.002553
17,Illinois,Insured,White,2019,Number,7247314,NA
17,Illinois,Insured,White,2019,Percent,0.9522,0.002824
17,Illinois,Medicaid/CHIP,White,2019,Number,673477,NA
17,Illinois,Medicaid/CHIP,White,2019,Percent,0.08849,0.003375
17,Illinois,Medicare,White,2019,Number,1591761,NA
17,Illinois,Medicare,White,2019,Percent,0.20914,0.001646
17,Illinois,Private,White,2019,Number,4982076,NA
17,Illinois,Private,White,2019,Percent,0.65458,0.004072
17,Illinois,Public,White,2019,Number,2265238,NA
17,Illinois,Public,White,2019,Percent,0.29762,0.003664
17,Illinois,Uninsured,White,2019,Percent,0.0478,0.002824
17,Illinois,Uninsured,White,2019,Number,363806,NA
17,Illinois,Employer,African-American / Black,2021,Percent,0.40858,0.014342
17,Illinois,Employer,African-American / Black,2021,Number,673098,NA
17,Illinois,Individual,African-American / Black,2021,Number,54849,NA
17,Illinois,Individual,African-American / Black,2021,Percent,0.03329,0.004826
17,Illinois,Insured,African-American / Black,2021,Percent,0.92348,0.006478
17,Illinois,Insured,African-American / Black,2021,Number,1521341,NA
17,Illinois,Medicaid/CHIP,African-American / Black,2021,Percent,0.31987,0.013964
17,Illinois,Medicaid/CHIP,African-American / Black,2021,Number,526956,NA
17,Illinois,Medicare,African-American / Black,2021,Percent,0.16173,0.004402
17,Illinois,Medicare,African-American / Black,2021,Number,266438,NA
17,Illinois,Private,African-American / Black,2021,Percent,0.44187,0.014842
17,Illinois,Private,African-American / Black,2021,Number,727947,NA
17,Illinois,Public,African-American / Black,2021,Number,793394,NA
17,Illinois,Public,African-American / Black,2021,Percent,0.4816,0.014375
17,Illinois,Uninsured,African-American / Black,2021,Number,126067,NA
17,Illinois,Uninsured,African-American / Black,2021,Percent,0.07652,0.006478
17,Illinois,Employer,American Indian / Alaska Native,2021,Number,5539,NA
17,Illinois,Employer,American Indian / Alaska Native,2021,Percent,0.50478,0.113561
17,Illinois,Individual,American Indian / Alaska Native,2021,Number,399,NA
17,Illinois,Individual,American Indian / Alaska Native,2021,Percent,0.03636,0.034096
17,Illinois,Insured,American Indian / Alaska Native,2021,Number,10361,NA
17,Illinois,Insured,American Indian / Alaska Native,2021,Percent,0.94423,0.040929
17,Illinois,Medicaid/CHIP,American Indian / Alaska Native,2021,Percent,0.28625,0.101583
17,Illinois,Medicaid/CHIP,American Indian / Alaska Native,2021,Number,3141,NA
17,Illinois,Medicare,American Indian / Alaska Native,2021,Number,1282,NA
17,Illinois,Medicare,American Indian / Alaska Native,2021,Percent,0.11683,0.052003
17,Illinois,Private,American Indian / Alaska Native,2021,Number,5938,NA
17,Illinois,Private,American Indian / Alaska Native,2021,Percent,0.54115,0.111194
17,Illinois,Public,American Indian / Alaska Native,2021,Percent,0.40308,0.120973
17,Illinois,Public,American Indian / Alaska Native,2021,Number,4423,NA
17,Illinois,Uninsured,American Indian / Alaska Native,2021,Number,612,NA
17,Illinois,Uninsured,American Indian / Alaska Native,2021,Percent,0.05577,0.040929
17,Illinois,Employer,Asian,2021,Percent,0.62154,0.019774
17,Illinois,Employer,Asian,2021,Number,444442,NA
17,Illinois,Individual,Asian,2021,Percent,0.0801,0.008341
17,Illinois,Individual,Asian,2021,Number,57274,NA
17,Illinois,Insured,Asian,2021,Percent,0.93928,0.009058
17,Illinois,Insured,Asian,2021,Number,671645,NA
17,Illinois,Medicaid/CHIP,Asian,2021,Percent,0.10256,0.01504
17,Illinois,Medicaid/CHIP,Asian,2021,Number,73339,NA
17,Illinois,Medicare,Asian,2021,Percent,0.13508,0.005119
17,Illinois,Medicare,Asian,2021,Number,96590,NA
17,Illinois,Private,Asian,2021,Number,501716,NA
17,Illinois,Private,Asian,2021,Percent,0.70164,0.018752
17,Illinois,Public,Asian,2021,Percent,0.23764,0.015863
17,Illinois,Public,Asian,2021,Number,169929,NA
17,Illinois,Uninsured,Asian,2021,Number,43419,NA
17,Illinois,Uninsured,Asian,2021,Percent,0.06072,0.009058
17,Illinois,Employer,Hispanic / Latino,2021,Percent,0.48462,0.014489
17,Illinois,Employer,Hispanic / Latino,2021,Number,1097832,NA
17,Illinois,Individual,Hispanic / Latino,2021,Percent,0.04285,0.005641
17,Illinois,Individual,Hispanic / Latino,2021,Number,97079,NA
17,Illinois,Insured,Hispanic / Latino,2021,Number,1915693,NA
17,Illinois,Insured,Hispanic / Latino,2021,Percent,0.84565,0.008954
17,Illinois,Medicaid/CHIP,Hispanic / Latino,2021,Percent,0.23926,0.010961
17,Illinois,Medicaid/CHIP,Hispanic / Latino,2021,Number,542009,NA
17,Illinois,Medicare,Hispanic / Latino,2021,Percent,0.07892,0.002459
17,Illinois,Medicare,Hispanic / Latino,2021,Number,178773,NA
17,Illinois,Private,Hispanic / Latino,2021,Percent,0.52747,0.014738
17,Illinois,Private,Hispanic / Latino,2021,Number,1194911,NA
17,Illinois,Public,Hispanic / Latino,2021,Percent,0.31818,0.011599
17,Illinois,Public,Hispanic / Latino,2021,Number,720782,NA
17,Illinois,Uninsured,Hispanic / Latino,2021,Number,349656,NA
17,Illinois,Uninsured,Hispanic / Latino,2021,Percent,0.15435,0.008954
17,Illinois,Employer,Native Hawaiian and Other Pacific Islander,2021,Number,NA,NA
17,Illinois,Employer,Native Hawaiian and Other Pacific Islander,2021,Percent,NA,NA
17,Illinois,Individual,Native Hawaiian and Other Pacific Islander,2021,Number,NA,NA
17,Illinois,Individual,Native Hawaiian and Other Pacific Islander,2021,Percent,NA,NA
17,Illinois,Insured,Native Hawaiian and Other Pacific Islander,2021,Number,NA,NA
17,Illinois,Insured,Native Hawaiian and Other Pacific Islander,2021,Percent,NA,NA
17,Illinois,Medicaid/CHIP,Native Hawaiian and Other Pacific Islander,2021,Percent,NA,NA
17,Illinois,Medicaid/CHIP,Native Hawaiian and Other Pacific Islander,2021,Number,NA,NA
17,Illinois,Medicare,Native Hawaiian and Other Pacific Islander,2021,Number,NA,NA
17,Illinois,Medicare,Native Hawaiian and Other Pacific Islander,2021,Percent,NA,NA
17,Illinois,Private,Native Hawaiian and Other Pacific Islander,2021,Number,NA,NA
17,Illinois,Private,Native Hawaiian and Other Pacific Islander,2021,Percent,NA,NA
17,Illinois,Public,Native Hawaiian and Other Pacific Islander,2021,Number,NA,NA
17,Illinois,Public,Native Hawaiian and Other Pacific Islander,2021,Percent,NA,NA
17,Illinois,Uninsured,Native Hawaiian and Other Pacific Islander,2021,Percent,NA,NA
17,Illinois,Uninsured,Native Hawaiian and Other Pacific Islander,2021,Number,NA,NA
17,Illinois,Employer,Other / Multiple Races,2021,Percent,0.62061,0.028441
17,Illinois,Employer,Other / Multiple Races,2021,Number,306449,NA
17,Illinois,Individual,Other / Multiple Races,2021,Number,27805,NA
17,Illinois,Individual,Other / Multiple Races,2021,Percent,0.05631,0.011489
17,Illinois,Insured,Other / Multiple Races,2021,Number,469777,NA
17,Illinois,Insured,Other / Multiple Races,2021,Percent,0.95138,0.010849
17,Illinois,Medicaid/CHIP,Other / Multiple Races,2021,Number,87840,NA
17,Illinois,Medicaid/CHIP,Other / Multiple Races,2021,Percent,0.17789,0.020455
17,Illinois,Medicare,Other / Multiple Races,2021,Number,47683,NA
17,Illinois,Medicare,Other / Multiple Races,2021,Percent,0.09657,0.011386
17,Illinois,Private,Other / Multiple Races,2021,Percent,0.67692,0.025817
17,Illinois,Private,Other / Multiple Races,2021,Number,334254,NA
17,Illinois,Public,Other / Multiple Races,2021,Percent,0.27446,0.021468
17,Illinois,Public,Other / Multiple Races,2021,Number,135523,NA
17,Illinois,Uninsured,Other / Multiple Races,2021,Percent,0.04862,0.010849
17,Illinois,Uninsured,Other / Multiple Races,2021,Number,24006,NA
17,Illinois,Employer,White,2021,Percent,0.59065,0.005078
17,Illinois,Employer,White,2021,Number,4360352,NA
17,Illinois,Individual,White,2021,Number,427459,NA
17,Illinois,Individual,White,2021,Percent,0.0579,0.00284
17,Illinois,Insured,White,2021,Number,7067177,NA
17,Illinois,Insured,White,2021,Percent,0.95732,0.002369
17,Illinois,Medicaid/CHIP,White,2021,Number,693061,NA
17,Illinois,Medicaid/CHIP,White,2021,Percent,0.09388,0.003424
17,Illinois,Medicare,White,2021,Number,1586305,NA
17,Illinois,Medicare,White,2021,Percent,0.21488,0.001658
17,Illinois,Private,White,2021,Percent,0.64855,0.004458
17,Illinois,Private,White,2021,Number,4787811,NA
17,Illinois,Public,White,2021,Number,2279366,NA
17,Illinois,Public,White,2021,Percent,0.30876,0.003946
17,Illinois,Uninsured,White,2021,Number,315111,NA
17,Illinois,Uninsured,White,2021,Percent,0.04268,0.002369
17,Illinois,Employer,African-American / Black,2022,Number,659415,NA
17,Illinois,Employer,African-American / Black,2022,Percent,0.40807,0.016485
17,Illinois,Individual,African-American / Black,2022,Number,55914,NA
17,Illinois,Individual,African-American / Black,2022,Percent,0.0346,0.005331
17,Illinois,Insured,African-American / Black,2022,Percent,0.93191,0.007279
17,Illinois,Insured,African-American / Black,2022,Number,1505913,NA
17,Illinois,Medicaid/CHIP,African-American / Black,2022,Number,519876,NA
17,Illinois,Medicaid/CHIP,African-American / Black,2022,Percent,0.32172,0.014079
17,Illinois,Medicare,African-American / Black,2022,Number,270708,NA
17,Illinois,Medicare,African-American / Black,2022,Percent,0.16752,0.00575
17,Illinois,Private,African-American / Black,2022,Percent,0.44267,0.016011
17,Illinois,Private,African-American / Black,2022,Number,715329,NA
17,Illinois,Public,African-American / Black,2022,Percent,0.48924,0.014843
17,Illinois,Public,African-American / Black,2022,Number,790584,NA
17,Illinois,Uninsured,African-American / Black,2022,Percent,0.06809,0.007279
17,Illinois,Uninsured,African-American / Black,2022,Number,110021,NA
17,Illinois,Employer,American Indian / Alaska Native,2022,Number,4242,NA
17,Illinois,Employer,American Indian / Alaska Native,2022,Percent,0.49354,0.091964
17,Illinois,Individual,American Indian / Alaska Native,2022,Percent,NA,NA
17,Illinois,Individual,American Indian / Alaska Native,2022,Number,NA,NA
17,Illinois,Insured,American Indian / Alaska Native,2022,Percent,0.93519,0.052815
17,Illinois,Insured,American Indian / Alaska Native,2022,Number,8038,NA
17,Illinois,Medicaid/CHIP,American Indian / Alaska Native,2022,Percent,0.20861,0.083363
17,Illinois,Medicaid/CHIP,American Indian / Alaska Native,2022,Number,1793,NA
17,Illinois,Medicare,American Indian / Alaska Native,2022,Number,1932,NA
17,Illinois,Medicare,American Indian / Alaska Native,2022,Percent,0.22478,0.083548
17,Illinois,Private,American Indian / Alaska Native,2022,Percent,0.5018,0.09374
17,Illinois,Private,American Indian / Alaska Native,2022,Number,4313,NA
17,Illinois,Public,American Indian / Alaska Native,2022,Percent,0.43339,0.089279
17,Illinois,Public,American Indian / Alaska Native,2022,Number,3725,NA
17,Illinois,Uninsured,American Indian / Alaska Native,2022,Percent,0.06481,0.052815
17,Illinois,Uninsured,American Indian / Alaska Native,2022,Number,557,NA
17,Illinois,Employer,Asian,2022,Percent,0.60549,0.021844
17,Illinois,Employer,Asian,2022,Number,451800,NA
17,Illinois,Individual,Asian,2022,Number,64494,NA
17,Illinois,Individual,Asian,2022,Percent,0.08643,0.011295
17,Illinois,Insured,Asian,2022,Percent,0.92723,0.010991
17,Illinois,Insured,Asian,2022,Number,691873,NA
17,Illinois,Medicaid/CHIP,Asian,2022,Percent,0.09992,0.012461
17,Illinois,Medicaid/CHIP,Asian,2022,Number,74555,NA
17,Illinois,Medicare,Asian,2022,Percent,0.13539,0.006167
17,Illinois,Medicare,Asian,2022,Number,101024,NA
17,Illinois,Private,Asian,2022,Number,516294,NA
17,Illinois,Private,Asian,2022,Percent,0.69192,0.018331
17,Illinois,Public,Asian,2022,Percent,0.23531,0.013641
17,Illinois,Public,Asian,2022,Number,175579,NA
17,Illinois,Uninsured,Asian,2022,Number,54298,NA
17,Illinois,Uninsured,Asian,2022,Percent,0.07277,0.010991
17,Illinois,Employer,Hispanic / Latino,2022,Percent,0.48991,0.014717
17,Illinois,Employer,Hispanic / Latino,2022,Number,1119619,NA
17,Illinois,Individual,Hispanic / Latino,2022,Number,100808,NA
17,Illinois,Individual,Hispanic / Latino,2022,Percent,0.04411,0.00441
17,Illinois,Insured,Hispanic / Latino,2022,Number,1941296,NA
17,Illinois,Insured,Hispanic / Latino,2022,Percent,0.84945,0.009739
17,Illinois,Medicaid/CHIP,Hispanic / Latino,2022,Percent,0.23604,0.010979
17,Illinois,Medicaid/CHIP,Hispanic / Latino,2022,Number,539426,NA
17,Illinois,Medicare,Hispanic / Latino,2022,Percent,0.07939,0.002834
17,Illinois,Medicare,Hispanic / Latino,2022,Number,181443,NA
17,Illinois,Private,Hispanic / Latino,2022,Percent,0.53402,0.014327
17,Illinois,Private,Hispanic / Latino,2022,Number,1220427,NA
17,Illinois,Public,Hispanic / Latino,2022,Number,720869,NA
17,Illinois,Public,Hispanic / Latino,2022,Percent,0.31543,0.011123
17,Illinois,Uninsured,Hispanic / Latino,2022,Percent,0.15055,0.009739
17,Illinois,Uninsured,Hispanic / Latino,2022,Number,344062,NA
17,Illinois,Employer,Native Hawaiian and Other Pacific Islander,2022,Number,NA,NA
17,Illinois,Employer,Native Hawaiian and Other Pacific Islander,2022,Percent,NA,NA
17,Illinois,Individual,Native Hawaiian and Other Pacific Islander,2022,Number,NA,NA
17,Illinois,Individual,Native Hawaiian and Other Pacific Islander,2022,Percent,NA,NA
17,Illinois,Insured,Native Hawaiian and Other Pacific Islander,2022,Percent,NA,NA
17,Illinois,Insured,Native Hawaiian and Other Pacific Islander,2022,Number,NA,NA
17,Illinois,Medicaid/CHIP,Native Hawaiian and Other Pacific Islander,2022,Number,NA,NA
17,Illinois,Medicaid/CHIP,Native Hawaiian and Other Pacific Islander,2022,Percent,NA,NA
17,Illinois,Medicare,Native Hawaiian and Other Pacific Islander,2022,Percent,NA,NA
17,Illinois,Medicare,Native Hawaiian and Other Pacific Islander,2022,Number,NA,NA
17,Illinois,Private,Native Hawaiian and Other Pacific Islander,2022,Percent,NA,NA
17,Illinois,Private,Native Hawaiian and Other Pacific Islander,2022,Number,NA,NA
17,Illinois,Public,Native Hawaiian and Other Pacific Islander,2022,Number,NA,NA
17,Illinois,Public,Native Hawaiian and Other Pacific Islander,2022,Percent,NA,NA
17,Illinois,Uninsured,Native Hawaiian and Other Pacific Islander,2022,Number,NA,NA
17,Illinois,Uninsured,Native Hawaiian and Other Pacific Islander,2022,Percent,NA,NA
17,Illinois,Employer,Other / Multiple Races,2022,Number,286797,NA
17,Illinois,Employer,Other / Multiple Races,2022,Percent,0.57259,0.028574
17,Illinois,Individual,Other / Multiple Races,2022,Percent,0.04553,0.009888
17,Illinois,Individual,Other / Multiple Races,2022,Number,22805,NA
17,Illinois,Insured,Other / Multiple Races,2022,Percent,0.94846,0.014679
17,Illinois,Insured,Other / Multiple Races,2022,Number,475066,NA
17,Illinois,Medicaid/CHIP,Other / Multiple Races,2022,Number,115735,NA
17,Illinois,Medicaid/CHIP,Other / Multiple Races,2022,Percent,0.23106,0.021791
17,Illinois,Medicare,Other / Multiple Races,2022,Number,49729,NA
17,Illinois,Medicare,Other / Multiple Races,2022,Percent,0.09928,0.011491
17,Illinois,Private,Other / Multiple Races,2022,Percent,0.61812,0.027433
17,Illinois,Private,Other / Multiple Races,2022,Number,309602,NA
17,Illinois,Public,Other / Multiple Races,2022,Number,165464,NA
17,Illinois,Public,Other / Multiple Races,2022,Percent,0.33035,0.024922
17,Illinois,Uninsured,Other / Multiple Races,2022,Number,25814,NA
17,Illinois,Uninsured,Other / Multiple Races,2022,Percent,0.05154,0.014679
17,Illinois,Employer,White,2022,Percent,0.58796,0.005556
17,Illinois,Employer,White,2022,Number,4278690,NA
17,Illinois,Individual,White,2022,Percent,0.05697,0.002754
17,Illinois,Individual,White,2022,Number,414613,NA
17,Illinois,Insured,White,2022,Percent,0.96053,0.002096
17,Illinois,Insured,White,2022,Number,6989950,NA
17,Illinois,Medicaid/CHIP,White,2022,Percent,0.0944,0.004106
17,Illinois,Medicaid/CHIP,White,2022,Number,686975,NA
17,Illinois,Medicare,White,2022,Number,1609672,NA
17,Illinois,Medicare,White,2022,Percent,0.22119,0.001518
17,Illinois,Private,White,2022,Percent,0.64493,0.005037
17,Illinois,Private,White,2022,Number,4693303,NA
17,Illinois,Public,White,2022,Percent,0.31559,0.004609
17,Illinois,Public,White,2022,Number,2296647,NA
17,Illinois,Uninsured,White,2022,Percent,0.03947,0.002096
17,Illinois,Uninsured,White,2022,Number,287250,NA
17,Illinois,Employer,African-American / Black,2023,Number,692544,NA
17,Illinois,Employer,African-American / Black,2023,Percent,0.43437,0.017286
17,Illinois,Individual,African-American / Black,2023,Number,47770,NA
17,Illinois,Individual,African-American / Black,2023,Percent,0.02996,0.004916
17,Illinois,Insured,African-American / Black,2023,Percent,0.93889,0.006159
17,Illinois,Insured,African-American / Black,2023,Number,1496924,NA
17,Illinois,Medicaid/CHIP,African-American / Black,2023,Number,476132,NA
17,Illinois,Medicaid/CHIP,African-American / Black,2023,Percent,0.29864,0.0165
17,Illinois,Medicare,African-American / Black,2023,Number,280478,NA
17,Illinois,Medicare,African-American / Black,2023,Percent,0.17592,0.005433
17,Illinois,Private,African-American / Black,2023,Percent,0.46433,0.016731
17,Illinois,Private,African-American / Black,2023,Number,740314,NA
17,Illinois,Public,African-American / Black,2023,Number,756610,NA
17,Illinois,Public,African-American / Black,2023,Percent,0.47455,0.017371
17,Illinois,Uninsured,African-American / Black,2023,Number,97437,NA
17,Illinois,Uninsured,African-American / Black,2023,Percent,0.06111,0.006159
17,Illinois,Employer,American Indian / Alaska Native,2023,Number,7415,NA
17,Illinois,Employer,American Indian / Alaska Native,2023,Percent,0.62537,0.127077
17,Illinois,Individual,American Indian / Alaska Native,2023,Percent,NA,NA
17,Illinois,Individual,American Indian / Alaska Native,2023,Number,NA,NA
17,Illinois,Insured,American Indian / Alaska Native,2023,Percent,0.97057,0.028123
17,Illinois,Insured,American Indian / Alaska Native,2023,Number,11508,NA
17,Illinois,Medicaid/CHIP,American Indian / Alaska Native,2023,Number,1792,NA
17,Illinois,Medicaid/CHIP,American Indian / Alaska Native,2023,Percent,0.15113,0.093705
17,Illinois,Medicare,American Indian / Alaska Native,2023,Number,1644,NA
17,Illinois,Medicare,American Indian / Alaska Native,2023,Percent,0.13865,0.070789
17,Illinois,Private,American Indian / Alaska Native,2023,Percent,0.68078,0.124377
17,Illinois,Private,American Indian / Alaska Native,2023,Number,8072,NA
17,Illinois,Public,American Indian / Alaska Native,2023,Number,3436,NA
17,Illinois,Public,American Indian / Alaska Native,2023,Percent,0.28979,0.11893
17,Illinois,Uninsured,American Indian / Alaska Native,2023,Number,349,NA
17,Illinois,Uninsured,American Indian / Alaska Native,2023,Percent,0.02943,0.028123
17,Illinois,Employer,Asian,2023,Percent,0.61385,0.019276
17,Illinois,Employer,Asian,2023,Number,456146,NA
17,Illinois,Individual,Asian,2023,Number,69849,NA
17,Illinois,Individual,Asian,2023,Percent,0.094,0.012062
17,Illinois,Insured,Asian,2023,Percent,0.94817,0.008761
17,Illinois,Insured,Asian,2023,Number,704582,NA
17,Illinois,Medicaid/CHIP,Asian,2023,Percent,0.09879,0.014333
17,Illinois,Medicaid/CHIP,Asian,2023,Number,73413,NA
17,Illinois,Medicare,Asian,2023,Percent,0.14154,0.006758
17,Illinois,Medicare,Asian,2023,Number,105174,NA
17,Illinois,Private,Asian,2023,Number,525995,NA
17,Illinois,Private,Asian,2023,Percent,0.70784,0.017634
17,Illinois,Public,Asian,2023,Percent,0.24033,0.015434
17,Illinois,Public,Asian,2023,Number,178587,NA
17,Illinois,Uninsured,Asian,2023,Number,38513,NA
17,Illinois,Uninsured,Asian,2023,Percent,0.05183,0.008761
17,Illinois,Employer,Hispanic / Latino,2023,Percent,0.49321,0.015661
17,Illinois,Employer,Hispanic / Latino,2023,Number,1166320,NA
17,Illinois,Individual,Hispanic / Latino,2023,Percent,0.04329,0.004904
17,Illinois,Individual,Hispanic / Latino,2023,Number,102360,NA
17,Illinois,Insured,Hispanic / Latino,2023,Number,2033765,NA
17,Illinois,Insured,Hispanic / Latino,2023,Percent,0.86003,0.009085
17,Illinois,Medicaid/CHIP,Hispanic / Latino,2023,Percent,0.23913,0.011022
17,Illinois,Medicaid/CHIP,Hispanic / Latino,2023,Number,565477,NA
17,Illinois,Medicare,Hispanic / Latino,2023,Number,199608,NA
17,Illinois,Medicare,Hispanic / Latino,2023,Percent,0.08441,0.00343
17,Illinois,Private,Hispanic / Latino,2023,Number,1268680,NA
17,Illinois,Private,Hispanic / Latino,2023,Percent,0.53649,0.015981
17,Illinois,Public,Hispanic / Latino,2023,Percent,0.32353,0.012327
17,Illinois,Public,Hispanic / Latino,2023,Number,765085,NA
17,Illinois,Uninsured,Hispanic / Latino,2023,Number,331003,NA
17,Illinois,Uninsured,Hispanic / Latino,2023,Percent,0.13997,0.009085
17,Illinois,Employer,Native Hawaiian and Other Pacific Islander,2023,Percent,NA,NA
17,Illinois,Employer,Native Hawaiian and Other Pacific Islander,2023,Number,NA,NA
17,Illinois,Individual,Native Hawaiian and Other Pacific Islander,2023,Number,NA,NA
17,Illinois,Individual,Native Hawaiian and Other Pacific Islander,2023,Percent,NA,NA
17,Illinois,Insured,Native Hawaiian and Other Pacific Islander,2023,Percent,NA,NA
17,Illinois,Insured,Native Hawaiian and Other Pacific Islander,2023,Number,NA,NA
17,Illinois,Medicaid/CHIP,Native Hawaiian and Other Pacific Islander,2023,Number,NA,NA
17,Illinois,Medicaid/CHIP,Native Hawaiian and Other Pacific Islander,2023,Percent,NA,NA
17,Illinois,Medicare,Native Hawaiian and Other Pacific Islander,2023,Percent,NA,NA
17,Illinois,Medicare,Native Hawaiian and Other Pacific Islander,2023,Number,NA,NA
17,Illinois,Private,Native Hawaiian and Other Pacific Islander,2023,Percent,NA,NA
17,Illinois,Private,Native Hawaiian and Other Pacific Islander,2023,Number,NA,NA
17,Illinois,Public,Native Hawaiian and Other Pacific Islander,2023,Number,NA,NA
17,Illinois,Public,Native Hawaiian and Other Pacific Islander,2023,Percent,NA,NA
17,Illinois,Uninsured,Native Hawaiian and Other Pacific Islander,2023,Number,NA,NA
17,Illinois,Uninsured,Native Hawaiian and Other Pacific Islander,2023,Percent,NA,NA
17,Illinois,Employer,Other / Multiple Races,2023,Number,314504,NA
17,Illinois,Employer,Other / Multiple Races,2023,Percent,0.62899,0.027084
17,Illinois,Individual,Other / Multiple Races,2023,Number,27243,NA
17,Illinois,Individual,Other / Multiple Races,2023,Percent,0.05448,0.009991
17,Illinois,Insured,Other / Multiple Races,2023,Percent,0.95305,0.008707
17,Illinois,Insured,Other / Multiple Races,2023,Number,476537,NA
17,Illinois,Medicaid/CHIP,Other / Multiple Races,2023,Percent,0.17695,0.020819
17,Illinois,Medicaid/CHIP,Other / Multiple Races,2023,Number,88476,NA
17,Illinois,Medicare,Other / Multiple Races,2023,Percent,0.09263,0.01106
17,Illinois,Medicare,Other / Multiple Races,2023,Number,46314,NA
17,Illinois,Private,Other / Multiple Races,2023,Percent,0.68348,0.027683
17,Illinois,Private,Other / Multiple Races,2023,Number,341747,NA
17,Illinois,Public,Other / Multiple Races,2023,Number,134790,NA
17,Illinois,Public,Other / Multiple Races,2023,Percent,0.26957,0.02488
17,Illinois,Uninsured,Other / Multiple Races,2023,Number,23475,NA
17,Illinois,Uninsured,Other / Multiple Races,2023,Percent,0.04695,0.008707
17,Illinois,Employer,White,2023,Percent,0.59251,0.005124
17,Illinois,Employer,White,2023,Number,4257362,NA
17,Illinois,Individual,White,2023,Percent,0.05464,0.002724
17,Illinois,Individual,White,2023,Number,392598,NA
17,Illinois,Insured,White,2023,Percent,0.96251,0.002126
17,Illinois,Insured,White,2023,Number,6915920,NA
17,Illinois,Medicaid/CHIP,White,2023,Percent,0.09076,0.004063
17,Illinois,Medicaid/CHIP,White,2023,Number,652157,NA
17,Illinois,Medicare,White,2023,Percent,0.2246,0.001235
17,Illinois,Medicare,White,2023,Number,1613803,NA
17,Illinois,Private,White,2023,Percent,0.64715,0.004807
17,Illinois,Private,White,2023,Number,4649960,NA
17,Illinois,Public,White,2023,Percent,0.31536,0.004389
17,Illinois,Public,White,2023,Number,2265960,NA
17,Illinois,Uninsured,White,2023,Number,269363,NA
17,Illinois,Uninsured,White,2023,Percent,0.03749,0.002126
17,Illinois,Employer,African-American / Black,2024,Number,699261,NA
17,Illinois,Employer,African-American / Black,2024,Percent,0.4402,0.018372
17,Illinois,Individual,African-American / Black,2024,Number,59061,NA
17,Illinois,Individual,African-American / Black,2024,Percent,0.03718,0.005033
17,Illinois,Insured,African-American / Black,2024,Percent,0.92897,0.008042
17,Illinois,Insured,African-American / Black,2024,Number,1475667,NA
17,Illinois,Medicaid/CHIP,African-American / Black,2024,Number,446670,NA
17,Illinois,Medicaid/CHIP,African-American / Black,2024,Percent,0.28119,0.018952
17,Illinois,Medicare,African-American / Black,2024,Percent,0.1704,0.005272
17,Illinois,Medicare,African-American / Black,2024,Number,270675,NA
17,Illinois,Private,African-American / Black,2024,Number,758322,NA
17,Illinois,Private,African-American / Black,2024,Percent,0.47738,0.018471
17,Illinois,Public,African-American / Black,2024,Percent,0.45159,0.018362
17,Illinois,Public,African-American / Black,2024,Number,717345,NA
17,Illinois,Uninsured,African-American / Black,2024,Number,112829,NA
17,Illinois,Uninsured,African-American / Black,2024,Percent,0.07103,0.008042
17,Illinois,Employer,American Indian / Alaska Native,2024,Percent,0.40119,0.124749
17,Illinois,Employer,American Indian / Alaska Native,2024,Number,6127,NA
17,Illinois,Individual,American Indian / Alaska Native,2024,Percent,0.10856,0.084402
17,Illinois,Individual,American Indian / Alaska Native,2024,Number,1658,NA
17,Illinois,Insured,American Indian / Alaska Native,2024,Percent,0.93033,0.045998
17,Illinois,Insured,American Indian / Alaska Native,2024,Number,14208,NA
17,Illinois,Medicaid/CHIP,American Indian / Alaska Native,2024,Percent,0.27069,0.097928
17,Illinois,Medicaid/CHIP,American Indian / Alaska Native,2024,Number,4134,NA
17,Illinois,Medicare,American Indian / Alaska Native,2024,Percent,0.14988,0.086383
17,Illinois,Medicare,American Indian / Alaska Native,2024,Number,2289,NA
17,Illinois,Private,American Indian / Alaska Native,2024,Number,7785,NA
17,Illinois,Private,American Indian / Alaska Native,2024,Percent,0.50976,0.117034
17,Illinois,Public,American Indian / Alaska Native,2024,Number,6423,NA
17,Illinois,Public,American Indian / Alaska Native,2024,Percent,0.42057,0.099811
17,Illinois,Uninsured,American Indian / Alaska Native,2024,Number,1064,NA
17,Illinois,Uninsured,American Indian / Alaska Native,2024,Percent,0.06967,0.045998
17,Illinois,Employer,Asian,2024,Number,506690,NA
17,Illinois,Employer,Asian,2024,Percent,0.63302,0.020205999999999998
17,Illinois,Individual,Asian,2024,Percent,0.08975,0.011711
17,Illinois,Individual,Asian,2024,Number,71839,NA
17,Illinois,Insured,Asian,2024,Number,758386,NA
17,Illinois,Insured,Asian,2024,Percent,0.94746,0.008952
17,Illinois,Medicaid/CHIP,Asian,2024,Percent,0.09197,0.016043
17,Illinois,Medicaid/CHIP,Asian,2024,Number,73618,NA
17,Illinois,Medicare,Asian,2024,Number,106239,NA
17,Illinois,Medicare,Asian,2024,Percent,0.13273,0.005909
17,Illinois,Private,Asian,2024,Number,578529,NA
17,Illinois,Private,Asian,2024,Percent,0.72276,0.019111
17,Illinois,Public,Asian,2024,Percent,0.2247,0.016776
17,Illinois,Public,Asian,2024,Number,179857,NA
17,Illinois,Uninsured,Asian,2024,Number,42053,NA
17,Illinois,Uninsured,Asian,2024,Percent,0.05254,0.008952
17,Illinois,Employer,Hispanic / Latino,2024,Number,1203989,NA
17,Illinois,Employer,Hispanic / Latino,2024,Percent,0.4913,0.014934
17,Illinois,Individual,Hispanic / Latino,2024,Number,93780,NA
17,Illinois,Individual,Hispanic / Latino,2024,Percent,0.03827,0.004656
17,Illinois,Insured,Hispanic / Latino,2024,Percent,0.84108,0.009878
17,Illinois,Insured,Hispanic / Latino,2024,Number,2061150,NA
17,Illinois,Medicaid/CHIP,Hispanic / Latino,2024,Number,548780,NA
17,Illinois,Medicaid/CHIP,Hispanic / Latino,2024,Percent,0.22394,0.010164
17,Illinois,Medicare,Hispanic / Latino,2024,Percent,0.08757,0.003135
17,Illinois,Medicare,Hispanic / Latino,2024,Number,214601,NA
17,Illinois,Private,Hispanic / Latino,2024,Percent,0.52957,0.01516
17,Illinois,Private,Hispanic / Latino,2024,Number,1297769,NA
17,Illinois,Public,Hispanic / Latino,2024,Number,763381,NA
17,Illinois,Public,Hispanic / Latino,2024,Percent,0.31151,0.011001
17,Illinois,Uninsured,Hispanic / Latino,2024,Number,389458,NA
17,Illinois,Uninsured,Hispanic / Latino,2024,Percent,0.15892,0.009878
17,Illinois,Employer,Native Hawaiian and Other Pacific Islander,2024,Percent,NA,NA
17,Illinois,Employer,Native Hawaiian and Other Pacific Islander,2024,Number,NA,NA
17,Illinois,Individual,Native Hawaiian and Other Pacific Islander,2024,Number,NA,NA
17,Illinois,Individual,Native Hawaiian and Other Pacific Islander,2024,Percent,NA,NA
17,Illinois,Insured,Native Hawaiian and Other Pacific Islander,2024,Percent,NA,NA
17,Illinois,Insured,Native Hawaiian and Other Pacific Islander,2024,Number,NA,NA
17,Illinois,Medicaid/CHIP,Native Hawaiian and Other Pacific Islander,2024,Percent,NA,NA
17,Illinois,Medicaid/CHIP,Native Hawaiian and Other Pacific Islander,2024,Number,NA,NA
17,Illinois,Medicare,Native Hawaiian and Other Pacific Islander,2024,Percent,NA,NA
17,Illinois,Medicare,Native Hawaiian and Other Pacific Islander,2024,Number,NA,NA
17,Illinois,Private,Native Hawaiian and Other Pacific Islander,2024,Number,NA,NA
17,Illinois,Private,Native Hawaiian and Other Pacific Islander,2024,Percent,NA,NA
17,Illinois,Public,Native Hawaiian and Other Pacific Islander,2024,Percent,NA,NA
17,Illinois,Public,Native Hawaiian and Other Pacific Islander,2024,Number,NA,NA
17,Illinois,Uninsured,Native Hawaiian and Other Pacific Islander,2024,Number,NA,NA
17,Illinois,Uninsured,Native Hawaiian and Other Pacific Islander,2024,Percent,NA,NA
17,Illinois,Employer,Other / Multiple Races,2024,Percent,0.60452,0.026635
17,Illinois,Employer,Other / Multiple Races,2024,Number,314533,NA
17,Illinois,Individual,Other / Multiple Races,2024,Percent,0.05734,0.009087
17,Illinois,Individual,Other / Multiple Races,2024,Number,29836,NA
17,Illinois,Insured,Other / Multiple Races,2024,Percent,0.95246,0.008159
17,Illinois,Insured,Other / Multiple Races,2024,Number,495566,NA
17,Illinois,Medicaid/CHIP,Other / Multiple Races,2024,Number,103256,NA
17,Illinois,Medicaid/CHIP,Other / Multiple Races,2024,Percent,0.19845,0.023934
17,Illinois,Medicare,Other / Multiple Races,2024,Percent,0.09214,0.010376
17,Illinois,Medicare,Other / Multiple Races,2024,Number,47941,NA
17,Illinois,Private,Other / Multiple Races,2024,Percent,0.66186,0.026189
17,Illinois,Private,Other / Multiple Races,2024,Number,344369,NA
17,Illinois,Public,Other / Multiple Races,2024,Percent,0.29059,0.026026
17,Illinois,Public,Other / Multiple Races,2024,Number,151197,NA
17,Illinois,Uninsured,Other / Multiple Races,2024,Percent,0.04754,0.008159
17,Illinois,Uninsured,Other / Multiple Races,2024,Number,24736,NA
17,Illinois,Employer,White,2024,Percent,0.5845,0.004775
17,Illinois,Employer,White,2024,Number,4199009,NA
17,Illinois,Individual,White,2024,Percent,0.05788,0.002821
17,Illinois,Individual,White,2024,Number,415790,NA
17,Illinois,Insured,White,2024,Number,6901095,NA
17,Illinois,Insured,White,2024,Percent,0.96063,0.002332
17,Illinois,Medicaid/CHIP,White,2024,Number,637594,NA
17,Illinois,Medicaid/CHIP,White,2024,Percent,0.08875,0.00282
17,Illinois,Medicare,White,2024,Percent,0.2295,0.001772
17,Illinois,Medicare,White,2024,Number,1648702,NA
17,Illinois,Private,White,2024,Percent,0.64238,0.004228
17,Illinois,Private,White,2024,Number,4614799,NA
17,Illinois,Public,White,2024,Number,2286296,NA
17,Illinois,Public,White,2024,Percent,0.31825,0.003308
17,Illinois,Uninsured,White,2024,Percent,0.03937,0.002332
17,Illinois,Uninsured,White,2024,Number,282804,NA
